Analysis & Synthesis report for Project_VGA
Fri Aug 14 10:56:11 2026
Quartus Prime Version 23.1std.0 Build 991 11/28/2023 SC Lite Edition


---------------------
; Table of Contents ;
---------------------
  1. Legal Notice
  2. Analysis & Synthesis Summary
  3. Analysis & Synthesis Settings
  4. Parallel Compilation
  5. Analysis & Synthesis Source Files Read
  6. Analysis & Synthesis Resource Usage Summary
  7. Analysis & Synthesis Resource Utilization by Entity
  8. Analysis & Synthesis RAM Summary
  9. Analysis & Synthesis DSP Block Usage Summary
 10. Analysis & Synthesis IP Cores Summary
 11. Registers Removed During Synthesis
 12. General Register Statistics
 13. Inverted Register Statistics
 14. Registers Packed Into Inferred Megafunctions
 15. Multiplexer Restructuring Statistics (Restructuring Performed)
 16. Source assignments for pattern_generator:u_game|RED_rom_b:rrb_r|altsyncram:mem_rtl_0|altsyncram_uqd1:auto_generated
 17. Source assignments for pattern_generator:u_game|RED_rom_g:rrg_r|altsyncram:mem_rtl_0|altsyncram_lpd1:auto_generated
 18. Source assignments for pattern_generator:u_game|RED_rom_r:rrr_r|altsyncram:mem_rtl_0|altsyncram_drd1:auto_generated
 19. Source assignments for pattern_generator:u_game|BLU_rom_b:prb_b|altsyncram:mem_rtl_0|altsyncram_pmd1:auto_generated
 20. Source assignments for pattern_generator:u_game|BLU_rom_g:prg_b|altsyncram:mem_rtl_0|altsyncram_gld1:auto_generated
 21. Source assignments for pattern_generator:u_game|BLU_rom_r:prr_b|altsyncram:mem_rtl_0|altsyncram_pod1:auto_generated
 22. Parameter Settings for User Entity Instance: clock_generator:u_pll|clock_generator_0002:clock_generator_inst|altera_pll:altera_pll_i
 23. Parameter Settings for Inferred Entity Instance: pattern_generator:u_game|RED_rom_b:rrb_r|altsyncram:mem_rtl_0
 24. Parameter Settings for Inferred Entity Instance: pattern_generator:u_game|RED_rom_g:rrg_r|altsyncram:mem_rtl_0
 25. Parameter Settings for Inferred Entity Instance: pattern_generator:u_game|RED_rom_r:rrr_r|altsyncram:mem_rtl_0
 26. Parameter Settings for Inferred Entity Instance: pattern_generator:u_game|BLU_rom_b:prb_b|altsyncram:mem_rtl_0
 27. Parameter Settings for Inferred Entity Instance: pattern_generator:u_game|BLU_rom_g:prg_b|altsyncram:mem_rtl_0
 28. Parameter Settings for Inferred Entity Instance: pattern_generator:u_game|BLU_rom_r:prr_b|altsyncram:mem_rtl_0
 29. Parameter Settings for Inferred Entity Instance: pattern_generator:u_game|lpm_divide:Div0
 30. Parameter Settings for Inferred Entity Instance: pattern_generator:u_game|lpm_divide:Mod0
 31. Parameter Settings for Inferred Entity Instance: pattern_generator:u_game|lpm_divide:Div1
 32. Parameter Settings for Inferred Entity Instance: pattern_generator:u_game|lpm_divide:Mod1
 33. altsyncram Parameter Settings by Entity Instance
 34. Port Connectivity Checks: "pattern_generator:u_game|RED_rom_b:rrb_r"
 35. Port Connectivity Checks: "pattern_generator:u_game|RED_rom_g:rrg_r"
 36. Port Connectivity Checks: "pattern_generator:u_game|RED_rom_r:rrr_r"
 37. Port Connectivity Checks: "pattern_generator:u_game|BLU_rom_b:prb_b"
 38. Port Connectivity Checks: "pattern_generator:u_game|BLU_rom_g:prg_b"
 39. Port Connectivity Checks: "pattern_generator:u_game|BLU_rom_r:prr_b"
 40. Port Connectivity Checks: "ps2_arrows:u_kb"
 41. Post-Synthesis Netlist Statistics for Top Partition
 42. Elapsed Time Per Partition
 43. Analysis & Synthesis Messages
 44. Analysis & Synthesis Suppressed Messages



----------------
; Legal Notice ;
----------------
Copyright (C) 2023  Intel Corporation. All rights reserved.
Your use of Intel Corporation's design tools, logic functions 
and other software and tools, and any partner logic 
functions, and any output files from any of the foregoing 
(including device programming or simulation files), and any 
associated documentation or information are expressly subject 
to the terms and conditions of the Intel Program License 
Subscription Agreement, the Intel Quartus Prime License Agreement,
the Intel FPGA IP License Agreement, or other applicable license
agreement, including, without limitation, that your use is for
the sole purpose of programming logic devices manufactured by
Intel and sold by Intel or its authorized distributors.  Please
refer to the applicable agreement for further details, at
https://fpgasoftware.intel.com/eula.



+----------------------------------------------------------------------------------+
; Analysis & Synthesis Summary                                                     ;
+---------------------------------+------------------------------------------------+
; Analysis & Synthesis Status     ; Successful - Fri Aug 14 10:56:11 2026          ;
; Quartus Prime Version           ; 23.1std.0 Build 991 11/28/2023 SC Lite Edition ;
; Revision Name                   ; Project_VGA                                    ;
; Top-level Entity Name           ; top                                            ;
; Family                          ; Cyclone V                                      ;
; Logic utilization (in ALMs)     ; N/A                                            ;
; Total registers                 ; 209                                            ;
; Total pins                      ; 46                                             ;
; Total virtual pins              ; 0                                              ;
; Total block memory bits         ; 22,176                                         ;
; Total DSP Blocks                ; 2                                              ;
; Total HSSI RX PCSs              ; 0                                              ;
; Total HSSI PMA RX Deserializers ; 0                                              ;
; Total HSSI TX PCSs              ; 0                                              ;
; Total HSSI PMA TX Serializers   ; 0                                              ;
; Total PLLs                      ; 1                                              ;
; Total DLLs                      ; 0                                              ;
+---------------------------------+------------------------------------------------+


+---------------------------------------------------------------------------------------------------------------------------+
; Analysis & Synthesis Settings                                                                                             ;
+---------------------------------------------------------------------------------+--------------------+--------------------+
; Option                                                                          ; Setting            ; Default Value      ;
+---------------------------------------------------------------------------------+--------------------+--------------------+
; Device                                                                          ; 5CSEMA5F31C6       ;                    ;
; Top-level entity name                                                           ; top                ; Project_VGA        ;
; Family name                                                                     ; Cyclone V          ; Cyclone V          ;
; Use smart compilation                                                           ; Off                ; Off                ;
; Enable parallel Assembler and Timing Analyzer during compilation                ; On                 ; On                 ;
; Enable compact report table                                                     ; Off                ; Off                ;
; Restructure Multiplexers                                                        ; Auto               ; Auto               ;
; MLAB Add Timing Constraints For Mixed-Port Feed-Through Mode Setting Don't Care ; Off                ; Off                ;
; Create Debugging Nodes for IP Cores                                             ; Off                ; Off                ;
; Preserve fewer node names                                                       ; On                 ; On                 ;
; Intel FPGA IP Evaluation Mode                                                   ; Enable             ; Enable             ;
; Verilog Version                                                                 ; Verilog_2001       ; Verilog_2001       ;
; VHDL Version                                                                    ; VHDL_1993          ; VHDL_1993          ;
; State Machine Processing                                                        ; Auto               ; Auto               ;
; Safe State Machine                                                              ; Off                ; Off                ;
; Extract Verilog State Machines                                                  ; On                 ; On                 ;
; Extract VHDL State Machines                                                     ; On                 ; On                 ;
; Ignore Verilog initial constructs                                               ; Off                ; Off                ;
; Iteration limit for constant Verilog loops                                      ; 5000               ; 5000               ;
; Iteration limit for non-constant Verilog loops                                  ; 250                ; 250                ;
; Add Pass-Through Logic to Inferred RAMs                                         ; On                 ; On                 ;
; Infer RAMs from Raw Logic                                                       ; On                 ; On                 ;
; Parallel Synthesis                                                              ; On                 ; On                 ;
; DSP Block Balancing                                                             ; Auto               ; Auto               ;
; NOT Gate Push-Back                                                              ; On                 ; On                 ;
; Power-Up Don't Care                                                             ; On                 ; On                 ;
; Remove Redundant Logic Cells                                                    ; Off                ; Off                ;
; Remove Duplicate Registers                                                      ; On                 ; On                 ;
; Ignore CARRY Buffers                                                            ; Off                ; Off                ;
; Ignore CASCADE Buffers                                                          ; Off                ; Off                ;
; Ignore GLOBAL Buffers                                                           ; Off                ; Off                ;
; Ignore ROW GLOBAL Buffers                                                       ; Off                ; Off                ;
; Ignore LCELL Buffers                                                            ; Off                ; Off                ;
; Ignore SOFT Buffers                                                             ; On                 ; On                 ;
; Limit AHDL Integers to 32 Bits                                                  ; Off                ; Off                ;
; Optimization Technique                                                          ; Balanced           ; Balanced           ;
; Carry Chain Length                                                              ; 70                 ; 70                 ;
; Auto Carry Chains                                                               ; On                 ; On                 ;
; Auto Open-Drain Pins                                                            ; On                 ; On                 ;
; Perform WYSIWYG Primitive Resynthesis                                           ; Off                ; Off                ;
; Auto ROM Replacement                                                            ; On                 ; On                 ;
; Auto RAM Replacement                                                            ; On                 ; On                 ;
; Auto DSP Block Replacement                                                      ; On                 ; On                 ;
; Auto Shift Register Replacement                                                 ; Auto               ; Auto               ;
; Allow Shift Register Merging across Hierarchies                                 ; Auto               ; Auto               ;
; Auto Clock Enable Replacement                                                   ; On                 ; On                 ;
; Strict RAM Replacement                                                          ; Off                ; Off                ;
; Allow Synchronous Control Signals                                               ; On                 ; On                 ;
; Force Use of Synchronous Clear Signals                                          ; Off                ; Off                ;
; Auto Resource Sharing                                                           ; Off                ; Off                ;
; Allow Any RAM Size For Recognition                                              ; Off                ; Off                ;
; Allow Any ROM Size For Recognition                                              ; Off                ; Off                ;
; Allow Any Shift Register Size For Recognition                                   ; Off                ; Off                ;
; Use LogicLock Constraints during Resource Balancing                             ; On                 ; On                 ;
; Ignore translate_off and synthesis_off directives                               ; Off                ; Off                ;
; Timing-Driven Synthesis                                                         ; On                 ; On                 ;
; Report Parameter Settings                                                       ; On                 ; On                 ;
; Report Source Assignments                                                       ; On                 ; On                 ;
; Report Connectivity Checks                                                      ; On                 ; On                 ;
; Ignore Maximum Fan-Out Assignments                                              ; Off                ; Off                ;
; Synchronization Register Chain Length                                           ; 3                  ; 3                  ;
; Power Optimization During Synthesis                                             ; Normal compilation ; Normal compilation ;
; HDL message level                                                               ; Level2             ; Level2             ;
; Suppress Register Optimization Related Messages                                 ; Off                ; Off                ;
; Number of Removed Registers Reported in Synthesis Report                        ; 5000               ; 5000               ;
; Number of Swept Nodes Reported in Synthesis Report                              ; 5000               ; 5000               ;
; Number of Inverted Registers Reported in Synthesis Report                       ; 100                ; 100                ;
; Clock MUX Protection                                                            ; On                 ; On                 ;
; Auto Gated Clock Conversion                                                     ; Off                ; Off                ;
; Block Design Naming                                                             ; Auto               ; Auto               ;
; SDC constraint protection                                                       ; Off                ; Off                ;
; Synthesis Effort                                                                ; Auto               ; Auto               ;
; Shift Register Replacement - Allow Asynchronous Clear Signal                    ; On                 ; On                 ;
; Pre-Mapping Resynthesis Optimization                                            ; Off                ; Off                ;
; Analysis & Synthesis Message Level                                              ; Medium             ; Medium             ;
; Disable Register Merging Across Hierarchies                                     ; Auto               ; Auto               ;
; Resource Aware Inference For Block RAM                                          ; On                 ; On                 ;
; Automatic Parallel Synthesis                                                    ; On                 ; On                 ;
; Partial Reconfiguration Bitstream ID                                            ; Off                ; Off                ;
+---------------------------------------------------------------------------------+--------------------+--------------------+


+------------------------------------------+
; Parallel Compilation                     ;
+----------------------------+-------------+
; Processors                 ; Number      ;
+----------------------------+-------------+
; Number detected on machine ; 8           ;
; Maximum allowed            ; 4           ;
;                            ;             ;
; Average used               ; 1.00        ;
; Maximum used               ; 4           ;
;                            ;             ;
; Usage by Processor         ; % Time Used ;
;     Processor 1            ; 100.0%      ;
;     Processor 2            ;   0.1%      ;
;     Processor 3            ;   0.0%      ;
;     Processor 4            ;   0.0%      ;
+----------------------------+-------------+


+-------------------------------------------------------------------------------------------------------------------------------------------------------------------------------------------------------------------------------------+
; Analysis & Synthesis Source Files Read                                                                                                                                                                                              ;
+------------------------------------------------+-----------------+-------------------------------------------------------+----------------------------------------------------------------------------------------+-----------------+
; File Name with User-Entered Path               ; Used in Netlist ; File Type                                             ; File Name with Absolute Path                                                           ; Library         ;
+------------------------------------------------+-----------------+-------------------------------------------------------+----------------------------------------------------------------------------------------+-----------------+
; ps2_arrows.sv                                  ; yes             ; User SystemVerilog HDL File                           ; D:/Downloads/Project_VGA_start_restored/ps2_arrows.sv                                  ;                 ;
; pattern_generator.sv                           ; yes             ; User SystemVerilog HDL File                           ; D:/Downloads/Project_VGA_start_restored/pattern_generator.sv                           ;                 ;
; sprites/blue_still/BLU_rom_r.v                 ; yes             ; User Verilog HDL File                                 ; D:/Downloads/Project_VGA_start_restored/sprites/blue_still/BLU_rom_r.v                 ;                 ;
; sprites/blue_still/BLU_rom_g.v                 ; yes             ; User Verilog HDL File                                 ; D:/Downloads/Project_VGA_start_restored/sprites/blue_still/BLU_rom_g.v                 ;                 ;
; sprites/blue_still/BLU_rom_b.v                 ; yes             ; User Verilog HDL File                                 ; D:/Downloads/Project_VGA_start_restored/sprites/blue_still/BLU_rom_b.v                 ;                 ;
; sprites/red_still/RED_rom_r.v                  ; yes             ; User Verilog HDL File                                 ; D:/Downloads/Project_VGA_start_restored/sprites/red_still/RED_rom_r.v                  ;                 ;
; sprites/red_still/RED_rom_g.v                  ; yes             ; User Verilog HDL File                                 ; D:/Downloads/Project_VGA_start_restored/sprites/red_still/RED_rom_g.v                  ;                 ;
; sprites/red_still/RED_rom_b.v                  ; yes             ; User Verilog HDL File                                 ; D:/Downloads/Project_VGA_start_restored/sprites/red_still/RED_rom_b.v                  ;                 ;
; vga_controller.sv                              ; yes             ; User SystemVerilog HDL File                           ; D:/Downloads/Project_VGA_start_restored/vga_controller.sv                              ;                 ;
; top.sv                                         ; yes             ; User SystemVerilog HDL File                           ; D:/Downloads/Project_VGA_start_restored/top.sv                                         ;                 ;
; clock_generator.v                              ; yes             ; User Wizard-Generated File                            ; D:/Downloads/Project_VGA_start_restored/clock_generator.v                              ; clock_generator ;
; clock_generator/clock_generator_0002.v         ; yes             ; User Verilog HDL File                                 ; D:/Downloads/Project_VGA_start_restored/clock_generator/clock_generator_0002.v         ; clock_generator ;
; altera_pll.v                                   ; yes             ; Megafunction                                          ; c:/intelfpga_lite/23.1std/quartus/libraries/megafunctions/altera_pll.v                 ;                 ;
; altsyncram.tdf                                 ; yes             ; Megafunction                                          ; c:/intelfpga_lite/23.1std/quartus/libraries/megafunctions/altsyncram.tdf               ;                 ;
; stratix_ram_block.inc                          ; yes             ; Megafunction                                          ; c:/intelfpga_lite/23.1std/quartus/libraries/megafunctions/stratix_ram_block.inc        ;                 ;
; lpm_mux.inc                                    ; yes             ; Megafunction                                          ; c:/intelfpga_lite/23.1std/quartus/libraries/megafunctions/lpm_mux.inc                  ;                 ;
; lpm_decode.inc                                 ; yes             ; Megafunction                                          ; c:/intelfpga_lite/23.1std/quartus/libraries/megafunctions/lpm_decode.inc               ;                 ;
; aglobal231.inc                                 ; yes             ; Megafunction                                          ; c:/intelfpga_lite/23.1std/quartus/libraries/megafunctions/aglobal231.inc               ;                 ;
; a_rdenreg.inc                                  ; yes             ; Megafunction                                          ; c:/intelfpga_lite/23.1std/quartus/libraries/megafunctions/a_rdenreg.inc                ;                 ;
; altrom.inc                                     ; yes             ; Megafunction                                          ; c:/intelfpga_lite/23.1std/quartus/libraries/megafunctions/altrom.inc                   ;                 ;
; altram.inc                                     ; yes             ; Megafunction                                          ; c:/intelfpga_lite/23.1std/quartus/libraries/megafunctions/altram.inc                   ;                 ;
; altdpram.inc                                   ; yes             ; Megafunction                                          ; c:/intelfpga_lite/23.1std/quartus/libraries/megafunctions/altdpram.inc                 ;                 ;
; db/altsyncram_uqd1.tdf                         ; yes             ; Auto-Generated Megafunction                           ; D:/Downloads/Project_VGA_start_restored/db/altsyncram_uqd1.tdf                         ;                 ;
; db/project_vga.ram0_red_rom_b_a4d3ae3f.hdl.mif ; yes             ; Auto-Generated Auto-Found Memory Initialization File  ; D:/Downloads/Project_VGA_start_restored/db/project_vga.ram0_red_rom_b_a4d3ae3f.hdl.mif ;                 ;
; db/altsyncram_lpd1.tdf                         ; yes             ; Auto-Generated Megafunction                           ; D:/Downloads/Project_VGA_start_restored/db/altsyncram_lpd1.tdf                         ;                 ;
; db/project_vga.ram0_red_rom_g_a4d3ae38.hdl.mif ; yes             ; Auto-Generated Auto-Found Memory Initialization File  ; D:/Downloads/Project_VGA_start_restored/db/project_vga.ram0_red_rom_g_a4d3ae38.hdl.mif ;                 ;
; db/altsyncram_drd1.tdf                         ; yes             ; Auto-Generated Megafunction                           ; D:/Downloads/Project_VGA_start_restored/db/altsyncram_drd1.tdf                         ;                 ;
; db/project_vga.ram0_red_rom_r_a4d3ae2f.hdl.mif ; yes             ; Auto-Generated Auto-Found Memory Initialization File  ; D:/Downloads/Project_VGA_start_restored/db/project_vga.ram0_red_rom_r_a4d3ae2f.hdl.mif ;                 ;
; db/altsyncram_pmd1.tdf                         ; yes             ; Auto-Generated Megafunction                           ; D:/Downloads/Project_VGA_start_restored/db/altsyncram_pmd1.tdf                         ;                 ;
; db/project_vga.ram0_blu_rom_b_b820583b.hdl.mif ; yes             ; Auto-Generated Auto-Found Memory Initialization File  ; D:/Downloads/Project_VGA_start_restored/db/project_vga.ram0_blu_rom_b_b820583b.hdl.mif ;                 ;
; db/altsyncram_gld1.tdf                         ; yes             ; Auto-Generated Megafunction                           ; D:/Downloads/Project_VGA_start_restored/db/altsyncram_gld1.tdf                         ;                 ;
; db/project_vga.ram0_blu_rom_g_b8205834.hdl.mif ; yes             ; Auto-Generated Auto-Found Memory Initialization File  ; D:/Downloads/Project_VGA_start_restored/db/project_vga.ram0_blu_rom_g_b8205834.hdl.mif ;                 ;
; db/altsyncram_pod1.tdf                         ; yes             ; Auto-Generated Megafunction                           ; D:/Downloads/Project_VGA_start_restored/db/altsyncram_pod1.tdf                         ;                 ;
; db/project_vga.ram0_blu_rom_r_b82058cb.hdl.mif ; yes             ; Auto-Generated Auto-Found Memory Initialization File  ; D:/Downloads/Project_VGA_start_restored/db/project_vga.ram0_blu_rom_r_b82058cb.hdl.mif ;                 ;
; lpm_divide.tdf                                 ; yes             ; Megafunction                                          ; c:/intelfpga_lite/23.1std/quartus/libraries/megafunctions/lpm_divide.tdf               ;                 ;
; abs_divider.inc                                ; yes             ; Megafunction                                          ; c:/intelfpga_lite/23.1std/quartus/libraries/megafunctions/abs_divider.inc              ;                 ;
; sign_div_unsign.inc                            ; yes             ; Megafunction                                          ; c:/intelfpga_lite/23.1std/quartus/libraries/megafunctions/sign_div_unsign.inc          ;                 ;
; db/lpm_divide_5am.tdf                          ; yes             ; Auto-Generated Megafunction                           ; D:/Downloads/Project_VGA_start_restored/db/lpm_divide_5am.tdf                          ;                 ;
; db/sign_div_unsign_bkh.tdf                     ; yes             ; Auto-Generated Megafunction                           ; D:/Downloads/Project_VGA_start_restored/db/sign_div_unsign_bkh.tdf                     ;                 ;
; db/alt_u_div_sse.tdf                           ; yes             ; Auto-Generated Megafunction                           ; D:/Downloads/Project_VGA_start_restored/db/alt_u_div_sse.tdf                           ;                 ;
; db/lpm_divide_82m.tdf                          ; yes             ; Auto-Generated Megafunction                           ; D:/Downloads/Project_VGA_start_restored/db/lpm_divide_82m.tdf                          ;                 ;
+------------------------------------------------+-----------------+-------------------------------------------------------+----------------------------------------------------------------------------------------+-----------------+


+------------------------------------------------------------------------------------------------------------------------------------------------------+
; Analysis & Synthesis Resource Usage Summary                                                                                                          ;
+---------------------------------------------+--------------------------------------------------------------------------------------------------------+
; Resource                                    ; Usage                                                                                                  ;
+---------------------------------------------+--------------------------------------------------------------------------------------------------------+
; Estimate of Logic utilization (ALMs needed) ; 2339                                                                                                   ;
;                                             ;                                                                                                        ;
; Combinational ALUT usage for logic          ; 3999                                                                                                   ;
;     -- 7 input functions                    ; 15                                                                                                     ;
;     -- 6 input functions                    ; 656                                                                                                    ;
;     -- 5 input functions                    ; 530                                                                                                    ;
;     -- 4 input functions                    ; 427                                                                                                    ;
;     -- <=3 input functions                  ; 2371                                                                                                   ;
;                                             ;                                                                                                        ;
; Dedicated logic registers                   ; 209                                                                                                    ;
;                                             ;                                                                                                        ;
; I/O pins                                    ; 46                                                                                                     ;
; Total MLAB memory bits                      ; 0                                                                                                      ;
; Total block memory bits                     ; 22176                                                                                                  ;
;                                             ;                                                                                                        ;
; Total DSP Blocks                            ; 2                                                                                                      ;
;                                             ;                                                                                                        ;
; Total PLLs                                  ; 1                                                                                                      ;
;     -- PLLs                                 ; 1                                                                                                      ;
;                                             ;                                                                                                        ;
; Maximum fan-out node                        ; clock_generator:u_pll|clock_generator_0002:clock_generator_inst|altera_pll:altera_pll_i|outclk_wire[0] ;
; Maximum fan-out                             ; 259                                                                                                    ;
; Total fan-out                               ; 14813                                                                                                  ;
; Average fan-out                             ; 3.40                                                                                                   ;
+---------------------------------------------+--------------------------------------------------------------------------------------------------------+


+-------------------------------------------------------------------------------------------------------------------------------------------------------------------------------------------------------------------------------------------------------------------------------------------------------------------------------------+
; Analysis & Synthesis Resource Utilization by Entity                                                                                                                                                                                                                                                                                 ;
+---------------------------------------------------+---------------------+---------------------------+-------------------+------------+------+--------------+-------------------------------------------------------------------------------------------------------------------------------+----------------------+-----------------+
; Compilation Hierarchy Node                        ; Combinational ALUTs ; Dedicated Logic Registers ; Block Memory Bits ; DSP Blocks ; Pins ; Virtual Pins ; Full Hierarchy Name                                                                                                           ; Entity Name          ; Library Name    ;
+---------------------------------------------------+---------------------+---------------------------+-------------------+------------+------+--------------+-------------------------------------------------------------------------------------------------------------------------------+----------------------+-----------------+
; |top                                              ; 3999 (0)            ; 209 (6)                   ; 22176             ; 2          ; 46   ; 0            ; |top                                                                                                                          ; top                  ; work            ;
;    |clock_generator:u_pll|                        ; 0 (0)               ; 0 (0)                     ; 0                 ; 0          ; 0    ; 0            ; |top|clock_generator:u_pll                                                                                                    ; clock_generator      ; clock_generator ;
;       |clock_generator_0002:clock_generator_inst| ; 0 (0)               ; 0 (0)                     ; 0                 ; 0          ; 0    ; 0            ; |top|clock_generator:u_pll|clock_generator_0002:clock_generator_inst                                                          ; clock_generator_0002 ; clock_generator ;
;          |altera_pll:altera_pll_i|                ; 0 (0)               ; 0 (0)                     ; 0                 ; 0          ; 0    ; 0            ; |top|clock_generator:u_pll|clock_generator_0002:clock_generator_inst|altera_pll:altera_pll_i                                  ; altera_pll           ; work            ;
;    |pattern_generator:u_game|                     ; 3930 (3726)         ; 135 (135)                 ; 22176             ; 2          ; 0    ; 0            ; |top|pattern_generator:u_game                                                                                                 ; pattern_generator    ; work            ;
;       |BLU_rom_b:prb_b|                           ; 0 (0)               ; 0 (0)                     ; 3696              ; 0          ; 0    ; 0            ; |top|pattern_generator:u_game|BLU_rom_b:prb_b                                                                                 ; BLU_rom_b            ; work            ;
;          |altsyncram:mem_rtl_0|                   ; 0 (0)               ; 0 (0)                     ; 3696              ; 0          ; 0    ; 0            ; |top|pattern_generator:u_game|BLU_rom_b:prb_b|altsyncram:mem_rtl_0                                                            ; altsyncram           ; work            ;
;             |altsyncram_pmd1:auto_generated|      ; 0 (0)               ; 0 (0)                     ; 3696              ; 0          ; 0    ; 0            ; |top|pattern_generator:u_game|BLU_rom_b:prb_b|altsyncram:mem_rtl_0|altsyncram_pmd1:auto_generated                             ; altsyncram_pmd1      ; work            ;
;       |BLU_rom_g:prg_b|                           ; 0 (0)               ; 0 (0)                     ; 3696              ; 0          ; 0    ; 0            ; |top|pattern_generator:u_game|BLU_rom_g:prg_b                                                                                 ; BLU_rom_g            ; work            ;
;          |altsyncram:mem_rtl_0|                   ; 0 (0)               ; 0 (0)                     ; 3696              ; 0          ; 0    ; 0            ; |top|pattern_generator:u_game|BLU_rom_g:prg_b|altsyncram:mem_rtl_0                                                            ; altsyncram           ; work            ;
;             |altsyncram_gld1:auto_generated|      ; 0 (0)               ; 0 (0)                     ; 3696              ; 0          ; 0    ; 0            ; |top|pattern_generator:u_game|BLU_rom_g:prg_b|altsyncram:mem_rtl_0|altsyncram_gld1:auto_generated                             ; altsyncram_gld1      ; work            ;
;       |BLU_rom_r:prr_b|                           ; 0 (0)               ; 0 (0)                     ; 3696              ; 0          ; 0    ; 0            ; |top|pattern_generator:u_game|BLU_rom_r:prr_b                                                                                 ; BLU_rom_r            ; work            ;
;          |altsyncram:mem_rtl_0|                   ; 0 (0)               ; 0 (0)                     ; 3696              ; 0          ; 0    ; 0            ; |top|pattern_generator:u_game|BLU_rom_r:prr_b|altsyncram:mem_rtl_0                                                            ; altsyncram           ; work            ;
;             |altsyncram_pod1:auto_generated|      ; 0 (0)               ; 0 (0)                     ; 3696              ; 0          ; 0    ; 0            ; |top|pattern_generator:u_game|BLU_rom_r:prr_b|altsyncram:mem_rtl_0|altsyncram_pod1:auto_generated                             ; altsyncram_pod1      ; work            ;
;       |RED_rom_b:rrb_r|                           ; 0 (0)               ; 0 (0)                     ; 3696              ; 0          ; 0    ; 0            ; |top|pattern_generator:u_game|RED_rom_b:rrb_r                                                                                 ; RED_rom_b            ; work            ;
;          |altsyncram:mem_rtl_0|                   ; 0 (0)               ; 0 (0)                     ; 3696              ; 0          ; 0    ; 0            ; |top|pattern_generator:u_game|RED_rom_b:rrb_r|altsyncram:mem_rtl_0                                                            ; altsyncram           ; work            ;
;             |altsyncram_uqd1:auto_generated|      ; 0 (0)               ; 0 (0)                     ; 3696              ; 0          ; 0    ; 0            ; |top|pattern_generator:u_game|RED_rom_b:rrb_r|altsyncram:mem_rtl_0|altsyncram_uqd1:auto_generated                             ; altsyncram_uqd1      ; work            ;
;       |RED_rom_g:rrg_r|                           ; 0 (0)               ; 0 (0)                     ; 3696              ; 0          ; 0    ; 0            ; |top|pattern_generator:u_game|RED_rom_g:rrg_r                                                                                 ; RED_rom_g            ; work            ;
;          |altsyncram:mem_rtl_0|                   ; 0 (0)               ; 0 (0)                     ; 3696              ; 0          ; 0    ; 0            ; |top|pattern_generator:u_game|RED_rom_g:rrg_r|altsyncram:mem_rtl_0                                                            ; altsyncram           ; work            ;
;             |altsyncram_lpd1:auto_generated|      ; 0 (0)               ; 0 (0)                     ; 3696              ; 0          ; 0    ; 0            ; |top|pattern_generator:u_game|RED_rom_g:rrg_r|altsyncram:mem_rtl_0|altsyncram_lpd1:auto_generated                             ; altsyncram_lpd1      ; work            ;
;       |RED_rom_r:rrr_r|                           ; 0 (0)               ; 0 (0)                     ; 3696              ; 0          ; 0    ; 0            ; |top|pattern_generator:u_game|RED_rom_r:rrr_r                                                                                 ; RED_rom_r            ; work            ;
;          |altsyncram:mem_rtl_0|                   ; 0 (0)               ; 0 (0)                     ; 3696              ; 0          ; 0    ; 0            ; |top|pattern_generator:u_game|RED_rom_r:rrr_r|altsyncram:mem_rtl_0                                                            ; altsyncram           ; work            ;
;             |altsyncram_drd1:auto_generated|      ; 0 (0)               ; 0 (0)                     ; 3696              ; 0          ; 0    ; 0            ; |top|pattern_generator:u_game|RED_rom_r:rrr_r|altsyncram:mem_rtl_0|altsyncram_drd1:auto_generated                             ; altsyncram_drd1      ; work            ;
;       |lpm_divide:Div0|                           ; 49 (0)              ; 0 (0)                     ; 0                 ; 0          ; 0    ; 0            ; |top|pattern_generator:u_game|lpm_divide:Div0                                                                                 ; lpm_divide           ; work            ;
;          |lpm_divide_5am:auto_generated|          ; 49 (0)              ; 0 (0)                     ; 0                 ; 0          ; 0    ; 0            ; |top|pattern_generator:u_game|lpm_divide:Div0|lpm_divide_5am:auto_generated                                                   ; lpm_divide_5am       ; work            ;
;             |sign_div_unsign_bkh:divider|         ; 49 (0)              ; 0 (0)                     ; 0                 ; 0          ; 0    ; 0            ; |top|pattern_generator:u_game|lpm_divide:Div0|lpm_divide_5am:auto_generated|sign_div_unsign_bkh:divider                       ; sign_div_unsign_bkh  ; work            ;
;                |alt_u_div_sse:divider|            ; 49 (49)             ; 0 (0)                     ; 0                 ; 0          ; 0    ; 0            ; |top|pattern_generator:u_game|lpm_divide:Div0|lpm_divide_5am:auto_generated|sign_div_unsign_bkh:divider|alt_u_div_sse:divider ; alt_u_div_sse        ; work            ;
;       |lpm_divide:Div1|                           ; 49 (0)              ; 0 (0)                     ; 0                 ; 0          ; 0    ; 0            ; |top|pattern_generator:u_game|lpm_divide:Div1                                                                                 ; lpm_divide           ; work            ;
;          |lpm_divide_5am:auto_generated|          ; 49 (0)              ; 0 (0)                     ; 0                 ; 0          ; 0    ; 0            ; |top|pattern_generator:u_game|lpm_divide:Div1|lpm_divide_5am:auto_generated                                                   ; lpm_divide_5am       ; work            ;
;             |sign_div_unsign_bkh:divider|         ; 49 (0)              ; 0 (0)                     ; 0                 ; 0          ; 0    ; 0            ; |top|pattern_generator:u_game|lpm_divide:Div1|lpm_divide_5am:auto_generated|sign_div_unsign_bkh:divider                       ; sign_div_unsign_bkh  ; work            ;
;                |alt_u_div_sse:divider|            ; 49 (49)             ; 0 (0)                     ; 0                 ; 0          ; 0    ; 0            ; |top|pattern_generator:u_game|lpm_divide:Div1|lpm_divide_5am:auto_generated|sign_div_unsign_bkh:divider|alt_u_div_sse:divider ; alt_u_div_sse        ; work            ;
;       |lpm_divide:Mod0|                           ; 53 (0)              ; 0 (0)                     ; 0                 ; 0          ; 0    ; 0            ; |top|pattern_generator:u_game|lpm_divide:Mod0                                                                                 ; lpm_divide           ; work            ;
;          |lpm_divide_82m:auto_generated|          ; 53 (0)              ; 0 (0)                     ; 0                 ; 0          ; 0    ; 0            ; |top|pattern_generator:u_game|lpm_divide:Mod0|lpm_divide_82m:auto_generated                                                   ; lpm_divide_82m       ; work            ;
;             |sign_div_unsign_bkh:divider|         ; 53 (0)              ; 0 (0)                     ; 0                 ; 0          ; 0    ; 0            ; |top|pattern_generator:u_game|lpm_divide:Mod0|lpm_divide_82m:auto_generated|sign_div_unsign_bkh:divider                       ; sign_div_unsign_bkh  ; work            ;
;                |alt_u_div_sse:divider|            ; 53 (53)             ; 0 (0)                     ; 0                 ; 0          ; 0    ; 0            ; |top|pattern_generator:u_game|lpm_divide:Mod0|lpm_divide_82m:auto_generated|sign_div_unsign_bkh:divider|alt_u_div_sse:divider ; alt_u_div_sse        ; work            ;
;       |lpm_divide:Mod1|                           ; 53 (0)              ; 0 (0)                     ; 0                 ; 0          ; 0    ; 0            ; |top|pattern_generator:u_game|lpm_divide:Mod1                                                                                 ; lpm_divide           ; work            ;
;          |lpm_divide_82m:auto_generated|          ; 53 (0)              ; 0 (0)                     ; 0                 ; 0          ; 0    ; 0            ; |top|pattern_generator:u_game|lpm_divide:Mod1|lpm_divide_82m:auto_generated                                                   ; lpm_divide_82m       ; work            ;
;             |sign_div_unsign_bkh:divider|         ; 53 (0)              ; 0 (0)                     ; 0                 ; 0          ; 0    ; 0            ; |top|pattern_generator:u_game|lpm_divide:Mod1|lpm_divide_82m:auto_generated|sign_div_unsign_bkh:divider                       ; sign_div_unsign_bkh  ; work            ;
;                |alt_u_div_sse:divider|            ; 53 (53)             ; 0 (0)                     ; 0                 ; 0          ; 0    ; 0            ; |top|pattern_generator:u_game|lpm_divide:Mod1|lpm_divide_82m:auto_generated|sign_div_unsign_bkh:divider|alt_u_div_sse:divider ; alt_u_div_sse        ; work            ;
;    |ps2_arrows:u_kb|                              ; 38 (38)             ; 48 (48)                   ; 0                 ; 0          ; 0    ; 0            ; |top|ps2_arrows:u_kb                                                                                                          ; ps2_arrows           ; work            ;
;    |vga_controller:u_vga|                         ; 31 (31)             ; 20 (20)                   ; 0                 ; 0          ; 0    ; 0            ; |top|vga_controller:u_vga                                                                                                     ; vga_controller       ; work            ;
+---------------------------------------------------+---------------------+---------------------------+-------------------+------------+------+--------------+-------------------------------------------------------------------------------------------------------------------------------+----------------------+-----------------+
Note: For table entries with two numbers listed, the numbers in parentheses indicate the number of resources of the given type used by the specific entity alone. The numbers listed outside of parentheses indicate the total resources of the given type used by the specific entity and all of its sub-entities in the hierarchy.


+-------------------------------------------------------------------------------------------------------------------------------------------------------------------------------------------------------------------------------------------+
; Analysis & Synthesis RAM Summary                                                                                                                                                                                                          ;
+---------------------------------------------------------------------------------------------------------+------+------+--------------+--------------+--------------+--------------+------+------------------------------------------------+
; Name                                                                                                    ; Type ; Mode ; Port A Depth ; Port A Width ; Port B Depth ; Port B Width ; Size ; MIF                                            ;
+---------------------------------------------------------------------------------------------------------+------+------+--------------+--------------+--------------+--------------+------+------------------------------------------------+
; pattern_generator:u_game|BLU_rom_b:prb_b|altsyncram:mem_rtl_0|altsyncram_pmd1:auto_generated|ALTSYNCRAM ; AUTO ; ROM  ; 462          ; 8            ; --           ; --           ; 3696 ; db/Project_VGA.ram0_BLU_rom_b_b820583b.hdl.mif ;
; pattern_generator:u_game|BLU_rom_g:prg_b|altsyncram:mem_rtl_0|altsyncram_gld1:auto_generated|ALTSYNCRAM ; AUTO ; ROM  ; 462          ; 8            ; --           ; --           ; 3696 ; db/Project_VGA.ram0_BLU_rom_g_b8205834.hdl.mif ;
; pattern_generator:u_game|BLU_rom_r:prr_b|altsyncram:mem_rtl_0|altsyncram_pod1:auto_generated|ALTSYNCRAM ; AUTO ; ROM  ; 462          ; 8            ; --           ; --           ; 3696 ; db/Project_VGA.ram0_BLU_rom_r_b82058cb.hdl.mif ;
; pattern_generator:u_game|RED_rom_b:rrb_r|altsyncram:mem_rtl_0|altsyncram_uqd1:auto_generated|ALTSYNCRAM ; AUTO ; ROM  ; 462          ; 8            ; --           ; --           ; 3696 ; db/Project_VGA.ram0_RED_rom_b_a4d3ae3f.hdl.mif ;
; pattern_generator:u_game|RED_rom_g:rrg_r|altsyncram:mem_rtl_0|altsyncram_lpd1:auto_generated|ALTSYNCRAM ; AUTO ; ROM  ; 462          ; 8            ; --           ; --           ; 3696 ; db/Project_VGA.ram0_RED_rom_g_a4d3ae38.hdl.mif ;
; pattern_generator:u_game|RED_rom_r:rrr_r|altsyncram:mem_rtl_0|altsyncram_drd1:auto_generated|ALTSYNCRAM ; AUTO ; ROM  ; 462          ; 8            ; --           ; --           ; 3696 ; db/Project_VGA.ram0_RED_rom_r_a4d3ae2f.hdl.mif ;
+---------------------------------------------------------------------------------------------------------+------+------+--------------+--------------+--------------+--------------+------+------------------------------------------------+


+-----------------------------------------------+
; Analysis & Synthesis DSP Block Usage Summary  ;
+---------------------------------+-------------+
; Statistic                       ; Number Used ;
+---------------------------------+-------------+
; Two Independent 18x18           ; 2           ;
; Total number of DSP blocks      ; 2           ;
;                                 ;             ;
; Fixed Point Unsigned Multiplier ; 2           ;
+---------------------------------+-------------+


+----------------------------------------------------------------------------------------------------------------+
; Analysis & Synthesis IP Cores Summary                                                                          ;
+--------+--------------+---------+--------------+--------------+----------------------------+-------------------+
; Vendor ; IP Core Name ; Version ; Release Date ; License Type ; Entity Instance            ; IP Include File   ;
+--------+--------------+---------+--------------+--------------+----------------------------+-------------------+
; Altera ; altera_pll   ; 23.1    ; N/A          ; N/A          ; |top|clock_generator:u_pll ; clock_generator.v ;
+--------+--------------+---------+--------------+--------------+----------------------------+-------------------+


+-----------------------------------------------------------------------------------------------+
; Registers Removed During Synthesis                                                            ;
+--------------------------------------------+--------------------------------------------------+
; Register name                              ; Reason for Removal                               ;
+--------------------------------------------+--------------------------------------------------+
; pattern_generator:u_game|blue_dx[2..9]     ; Merged with pattern_generator:u_game|blue_dx[10] ;
; pattern_generator:u_game|blue_dy[7..9]     ; Merged with pattern_generator:u_game|blue_dy[10] ;
; pattern_generator:u_game|red_dx[2..9]      ; Merged with pattern_generator:u_game|red_dx[10]  ;
; pattern_generator:u_game|red_dy[7..9]      ; Merged with pattern_generator:u_game|red_dy[10]  ;
; pattern_generator:u_game|red_leftedge[10]  ; Stuck at GND due to stuck port data_in           ;
; pattern_generator:u_game|blue_leftedge[10] ; Stuck at GND due to stuck port data_in           ;
; Total Number of Removed Registers = 24     ;                                                  ;
+--------------------------------------------+--------------------------------------------------+


+------------------------------------------------------+
; General Register Statistics                          ;
+----------------------------------------------+-------+
; Statistic                                    ; Value ;
+----------------------------------------------+-------+
; Total registers                              ; 209   ;
; Number of registers using Synchronous Clear  ; 60    ;
; Number of registers using Synchronous Load   ; 0     ;
; Number of registers using Asynchronous Clear ; 197   ;
; Number of registers using Asynchronous Load  ; 0     ;
; Number of registers using Clock Enable       ; 130   ;
; Number of registers using Preset             ; 0     ;
+----------------------------------------------+-------+


+-----------------------------------------------------+
; Inverted Register Statistics                        ;
+-------------------------------------------+---------+
; Inverted Register                         ; Fan out ;
+-------------------------------------------+---------+
; pattern_generator:u_game|blue_topedge[3]  ; 8       ;
; pattern_generator:u_game|blue_leftedge[1] ; 16      ;
; pattern_generator:u_game|blue_topedge[8]  ; 9       ;
; pattern_generator:u_game|blue_topedge[7]  ; 9       ;
; pattern_generator:u_game|blue_topedge[4]  ; 10      ;
; pattern_generator:u_game|blue_leftedge[5] ; 15      ;
; pattern_generator:u_game|blue_leftedge[4] ; 15      ;
; pattern_generator:u_game|red_topedge[8]   ; 8       ;
; pattern_generator:u_game|red_topedge[7]   ; 8       ;
; pattern_generator:u_game|red_topedge[4]   ; 10      ;
; pattern_generator:u_game|red_topedge[3]   ; 9       ;
; pattern_generator:u_game|red_leftedge[8]  ; 15      ;
; pattern_generator:u_game|red_leftedge[7]  ; 15      ;
; pattern_generator:u_game|red_leftedge[6]  ; 15      ;
; pattern_generator:u_game|red_leftedge[5]  ; 16      ;
; pattern_generator:u_game|red_leftedge[4]  ; 15      ;
; pattern_generator:u_game|red_leftedge[2]  ; 16      ;
; pattern_generator:u_game|lfsr[0]          ; 2       ;
; pattern_generator:u_game|lfsr[15]         ; 1       ;
; pattern_generator:u_game|lfsr[13]         ; 2       ;
; pattern_generator:u_game|lfsr[10]         ; 2       ;
; pattern_generator:u_game|lfsr[11]         ; 1       ;
; pattern_generator:u_game|lfsr[7]          ; 1       ;
; pattern_generator:u_game|lfsr[6]          ; 1       ;
; pattern_generator:u_game|lfsr[5]          ; 1       ;
; Total number of inverted registers = 25   ;         ;
+-------------------------------------------+---------+


+---------------------------------------------------------------------------------------------------------------------+
; Registers Packed Into Inferred Megafunctions                                                                        ;
+---------------------------------------------------------+----------------------------------------------------+------+
; Register Name                                           ; Megafunction                                       ; Type ;
+---------------------------------------------------------+----------------------------------------------------+------+
; pattern_generator:u_game|RED_rom_b:rrb_r|data_out[0..7] ; pattern_generator:u_game|RED_rom_b:rrb_r|mem_rtl_0 ; RAM  ;
; pattern_generator:u_game|RED_rom_g:rrg_r|data_out[0..7] ; pattern_generator:u_game|RED_rom_g:rrg_r|mem_rtl_0 ; RAM  ;
; pattern_generator:u_game|RED_rom_r:rrr_r|data_out[0..7] ; pattern_generator:u_game|RED_rom_r:rrr_r|mem_rtl_0 ; RAM  ;
; pattern_generator:u_game|BLU_rom_b:prb_b|data_out[0..7] ; pattern_generator:u_game|BLU_rom_b:prb_b|mem_rtl_0 ; RAM  ;
; pattern_generator:u_game|BLU_rom_g:prg_b|data_out[0..7] ; pattern_generator:u_game|BLU_rom_g:prg_b|mem_rtl_0 ; RAM  ;
; pattern_generator:u_game|BLU_rom_r:prr_b|data_out[0..7] ; pattern_generator:u_game|BLU_rom_r:prr_b|mem_rtl_0 ; RAM  ;
+---------------------------------------------------------+----------------------------------------------------+------+


+-------------------------------------------------------------------------------------------------------------------------------------------------------------+
; Multiplexer Restructuring Statistics (Restructuring Performed)                                                                                              ;
+--------------------+-----------+---------------+----------------------+------------------------+------------+-----------------------------------------------+
; Multiplexer Inputs ; Bus Width ; Baseline Area ; Area if Restructured ; Saving if Restructured ; Registered ; Example Multiplexer Output                    ;
+--------------------+-----------+---------------+----------------------+------------------------+------------+-----------------------------------------------+
; 3:1                ; 8 bits    ; 16 LEs        ; 0 LEs                ; 16 LEs                 ; Yes        ; |top|pattern_generator:u_game|red_dy[10]      ;
; 3:1                ; 8 bits    ; 16 LEs        ; 0 LEs                ; 16 LEs                 ; Yes        ; |top|pattern_generator:u_game|blue_dy[10]     ;
; 3:1                ; 4 bits    ; 8 LEs         ; 4 LEs                ; 4 LEs                  ; Yes        ; |top|pattern_generator:u_game|tag_cooldown[4] ;
; 3:1                ; 2 bits    ; 4 LEs         ; 2 LEs                ; 2 LEs                  ; Yes        ; |top|pattern_generator:u_game|tag_cooldown[5] ;
; 4:1                ; 16 bits   ; 32 LEs        ; 0 LEs                ; 32 LEs                 ; Yes        ; |top|ps2_arrows:u_kb|idle_cnt[2]              ;
; 4:1                ; 4 bits    ; 8 LEs         ; 8 LEs                ; 0 LEs                  ; Yes        ; |top|ps2_arrows:u_kb|bit_cnt[1]               ;
; 20:1               ; 7 bits    ; 91 LEs        ; 84 LEs               ; 7 LEs                  ; Yes        ; |top|pattern_generator:u_game|red_topedge[10] ;
; 20:1               ; 7 bits    ; 91 LEs        ; 84 LEs               ; 7 LEs                  ; Yes        ; |top|pattern_generator:u_game|blue_topedge[2] ;
; 20:1               ; 4 bits    ; 52 LEs        ; 48 LEs               ; 4 LEs                  ; Yes        ; |top|pattern_generator:u_game|red_topedge[7]  ;
; 20:1               ; 4 bits    ; 52 LEs        ; 48 LEs               ; 4 LEs                  ; Yes        ; |top|pattern_generator:u_game|blue_topedge[3] ;
; 3:1                ; 2 bits    ; 4 LEs         ; 4 LEs                ; 0 LEs                  ; No         ; |top|pattern_generator:u_game|red             ;
; 3:1                ; 2 bits    ; 4 LEs         ; 4 LEs                ; 0 LEs                  ; No         ; |top|pattern_generator:u_game|green           ;
; 3:1                ; 6 bits    ; 12 LEs        ; 12 LEs               ; 0 LEs                  ; No         ; |top|pattern_generator:u_game|red[0]          ;
; 3:1                ; 2 bits    ; 4 LEs         ; 4 LEs                ; 0 LEs                  ; No         ; |top|pattern_generator:u_game|t_red_x         ;
; 3:1                ; 8 bits    ; 16 LEs        ; 16 LEs               ; 0 LEs                  ; No         ; |top|pattern_generator:u_game|next_red_dy     ;
; 3:1                ; 2 bits    ; 4 LEs         ; 4 LEs                ; 0 LEs                  ; No         ; |top|pattern_generator:u_game|t_blue_x        ;
; 3:1                ; 8 bits    ; 16 LEs        ; 16 LEs               ; 0 LEs                  ; No         ; |top|pattern_generator:u_game|next_blue_dy    ;
; 5:1                ; 2 bits    ; 6 LEs         ; 6 LEs                ; 0 LEs                  ; No         ; |top|pattern_generator:u_game|blue[0]         ;
; 7:1                ; 5 bits    ; 20 LEs        ; 20 LEs               ; 0 LEs                  ; No         ; |top|pattern_generator:u_game|blue[5]         ;
; 7:1                ; 2 bits    ; 8 LEs         ; 8 LEs                ; 0 LEs                  ; No         ; |top|pattern_generator:u_game|green[7]        ;
; 7:1                ; 3 bits    ; 12 LEs        ; 12 LEs               ; 0 LEs                  ; No         ; |top|pattern_generator:u_game|red[4]          ;
; 7:1                ; 2 bits    ; 8 LEs         ; 8 LEs                ; 0 LEs                  ; No         ; |top|pattern_generator:u_game|green[6]        ;
+--------------------+-----------+---------------+----------------------+------------------------+------------+-----------------------------------------------+


+---------------------------------------------------------------------------------------------------------------------+
; Source assignments for pattern_generator:u_game|RED_rom_b:rrb_r|altsyncram:mem_rtl_0|altsyncram_uqd1:auto_generated ;
+---------------------------------+--------------------+------+-------------------------------------------------------+
; Assignment                      ; Value              ; From ; To                                                    ;
+---------------------------------+--------------------+------+-------------------------------------------------------+
; OPTIMIZE_POWER_DURING_SYNTHESIS ; NORMAL_COMPILATION ; -    ; -                                                     ;
+---------------------------------+--------------------+------+-------------------------------------------------------+


+---------------------------------------------------------------------------------------------------------------------+
; Source assignments for pattern_generator:u_game|RED_rom_g:rrg_r|altsyncram:mem_rtl_0|altsyncram_lpd1:auto_generated ;
+---------------------------------+--------------------+------+-------------------------------------------------------+
; Assignment                      ; Value              ; From ; To                                                    ;
+---------------------------------+--------------------+------+-------------------------------------------------------+
; OPTIMIZE_POWER_DURING_SYNTHESIS ; NORMAL_COMPILATION ; -    ; -                                                     ;
+---------------------------------+--------------------+------+-------------------------------------------------------+


+---------------------------------------------------------------------------------------------------------------------+
; Source assignments for pattern_generator:u_game|RED_rom_r:rrr_r|altsyncram:mem_rtl_0|altsyncram_drd1:auto_generated ;
+---------------------------------+--------------------+------+-------------------------------------------------------+
; Assignment                      ; Value              ; From ; To                                                    ;
+---------------------------------+--------------------+------+-------------------------------------------------------+
; OPTIMIZE_POWER_DURING_SYNTHESIS ; NORMAL_COMPILATION ; -    ; -                                                     ;
+---------------------------------+--------------------+------+-------------------------------------------------------+


+---------------------------------------------------------------------------------------------------------------------+
; Source assignments for pattern_generator:u_game|BLU_rom_b:prb_b|altsyncram:mem_rtl_0|altsyncram_pmd1:auto_generated ;
+---------------------------------+--------------------+------+-------------------------------------------------------+
; Assignment                      ; Value              ; From ; To                                                    ;
+---------------------------------+--------------------+------+-------------------------------------------------------+
; OPTIMIZE_POWER_DURING_SYNTHESIS ; NORMAL_COMPILATION ; -    ; -                                                     ;
+---------------------------------+--------------------+------+-------------------------------------------------------+


+---------------------------------------------------------------------------------------------------------------------+
; Source assignments for pattern_generator:u_game|BLU_rom_g:prg_b|altsyncram:mem_rtl_0|altsyncram_gld1:auto_generated ;
+---------------------------------+--------------------+------+-------------------------------------------------------+
; Assignment                      ; Value              ; From ; To                                                    ;
+---------------------------------+--------------------+------+-------------------------------------------------------+
; OPTIMIZE_POWER_DURING_SYNTHESIS ; NORMAL_COMPILATION ; -    ; -                                                     ;
+---------------------------------+--------------------+------+-------------------------------------------------------+


+---------------------------------------------------------------------------------------------------------------------+
; Source assignments for pattern_generator:u_game|BLU_rom_r:prr_b|altsyncram:mem_rtl_0|altsyncram_pod1:auto_generated ;
+---------------------------------+--------------------+------+-------------------------------------------------------+
; Assignment                      ; Value              ; From ; To                                                    ;
+---------------------------------+--------------------+------+-------------------------------------------------------+
; OPTIMIZE_POWER_DURING_SYNTHESIS ; NORMAL_COMPILATION ; -    ; -                                                     ;
+---------------------------------+--------------------+------+-------------------------------------------------------+


+--------------------------------------------------------------------------------------------------------------------------------------+
; Parameter Settings for User Entity Instance: clock_generator:u_pll|clock_generator_0002:clock_generator_inst|altera_pll:altera_pll_i ;
+--------------------------------------+------------------------+----------------------------------------------------------------------+
; Parameter Name                       ; Value                  ; Type                                                                 ;
+--------------------------------------+------------------------+----------------------------------------------------------------------+
; reference_clock_frequency            ; 50.0 MHz               ; String                                                               ;
; fractional_vco_multiplier            ; false                  ; String                                                               ;
; pll_type                             ; General                ; String                                                               ;
; pll_subtype                          ; General                ; String                                                               ;
; number_of_clocks                     ; 1                      ; Signed Integer                                                       ;
; operation_mode                       ; direct                 ; String                                                               ;
; deserialization_factor               ; 4                      ; Signed Integer                                                       ;
; data_rate                            ; 0                      ; Signed Integer                                                       ;
; sim_additional_refclk_cycles_to_lock ; 0                      ; Signed Integer                                                       ;
; output_clock_frequency0              ; 25.175644 MHz          ; String                                                               ;
; phase_shift0                         ; 0 ps                   ; String                                                               ;
; duty_cycle0                          ; 50                     ; Signed Integer                                                       ;
; output_clock_frequency1              ; 0 MHz                  ; String                                                               ;
; phase_shift1                         ; 0 ps                   ; String                                                               ;
; duty_cycle1                          ; 50                     ; Signed Integer                                                       ;
; output_clock_frequency2              ; 0 MHz                  ; String                                                               ;
; phase_shift2                         ; 0 ps                   ; String                                                               ;
; duty_cycle2                          ; 50                     ; Signed Integer                                                       ;
; output_clock_frequency3              ; 0 MHz                  ; String                                                               ;
; phase_shift3                         ; 0 ps                   ; String                                                               ;
; duty_cycle3                          ; 50                     ; Signed Integer                                                       ;
; output_clock_frequency4              ; 0 MHz                  ; String                                                               ;
; phase_shift4                         ; 0 ps                   ; String                                                               ;
; duty_cycle4                          ; 50                     ; Signed Integer                                                       ;
; output_clock_frequency5              ; 0 MHz                  ; String                                                               ;
; phase_shift5                         ; 0 ps                   ; String                                                               ;
; duty_cycle5                          ; 50                     ; Signed Integer                                                       ;
; output_clock_frequency6              ; 0 MHz                  ; String                                                               ;
; phase_shift6                         ; 0 ps                   ; String                                                               ;
; duty_cycle6                          ; 50                     ; Signed Integer                                                       ;
; output_clock_frequency7              ; 0 MHz                  ; String                                                               ;
; phase_shift7                         ; 0 ps                   ; String                                                               ;
; duty_cycle7                          ; 50                     ; Signed Integer                                                       ;
; output_clock_frequency8              ; 0 MHz                  ; String                                                               ;
; phase_shift8                         ; 0 ps                   ; String                                                               ;
; duty_cycle8                          ; 50                     ; Signed Integer                                                       ;
; output_clock_frequency9              ; 0 MHz                  ; String                                                               ;
; phase_shift9                         ; 0 ps                   ; String                                                               ;
; duty_cycle9                          ; 50                     ; Signed Integer                                                       ;
; output_clock_frequency10             ; 0 MHz                  ; String                                                               ;
; phase_shift10                        ; 0 ps                   ; String                                                               ;
; duty_cycle10                         ; 50                     ; Signed Integer                                                       ;
; output_clock_frequency11             ; 0 MHz                  ; String                                                               ;
; phase_shift11                        ; 0 ps                   ; String                                                               ;
; duty_cycle11                         ; 50                     ; Signed Integer                                                       ;
; output_clock_frequency12             ; 0 MHz                  ; String                                                               ;
; phase_shift12                        ; 0 ps                   ; String                                                               ;
; duty_cycle12                         ; 50                     ; Signed Integer                                                       ;
; output_clock_frequency13             ; 0 MHz                  ; String                                                               ;
; phase_shift13                        ; 0 ps                   ; String                                                               ;
; duty_cycle13                         ; 50                     ; Signed Integer                                                       ;
; output_clock_frequency14             ; 0 MHz                  ; String                                                               ;
; phase_shift14                        ; 0 ps                   ; String                                                               ;
; duty_cycle14                         ; 50                     ; Signed Integer                                                       ;
; output_clock_frequency15             ; 0 MHz                  ; String                                                               ;
; phase_shift15                        ; 0 ps                   ; String                                                               ;
; duty_cycle15                         ; 50                     ; Signed Integer                                                       ;
; output_clock_frequency16             ; 0 MHz                  ; String                                                               ;
; phase_shift16                        ; 0 ps                   ; String                                                               ;
; duty_cycle16                         ; 50                     ; Signed Integer                                                       ;
; output_clock_frequency17             ; 0 MHz                  ; String                                                               ;
; phase_shift17                        ; 0 ps                   ; String                                                               ;
; duty_cycle17                         ; 50                     ; Signed Integer                                                       ;
; clock_name_0                         ;                        ; String                                                               ;
; clock_name_1                         ;                        ; String                                                               ;
; clock_name_2                         ;                        ; String                                                               ;
; clock_name_3                         ;                        ; String                                                               ;
; clock_name_4                         ;                        ; String                                                               ;
; clock_name_5                         ;                        ; String                                                               ;
; clock_name_6                         ;                        ; String                                                               ;
; clock_name_7                         ;                        ; String                                                               ;
; clock_name_8                         ;                        ; String                                                               ;
; clock_name_global_0                  ; false                  ; String                                                               ;
; clock_name_global_1                  ; false                  ; String                                                               ;
; clock_name_global_2                  ; false                  ; String                                                               ;
; clock_name_global_3                  ; false                  ; String                                                               ;
; clock_name_global_4                  ; false                  ; String                                                               ;
; clock_name_global_5                  ; false                  ; String                                                               ;
; clock_name_global_6                  ; false                  ; String                                                               ;
; clock_name_global_7                  ; false                  ; String                                                               ;
; clock_name_global_8                  ; false                  ; String                                                               ;
; m_cnt_hi_div                         ; 1                      ; Signed Integer                                                       ;
; m_cnt_lo_div                         ; 1                      ; Signed Integer                                                       ;
; m_cnt_bypass_en                      ; false                  ; String                                                               ;
; m_cnt_odd_div_duty_en                ; false                  ; String                                                               ;
; n_cnt_hi_div                         ; 1                      ; Signed Integer                                                       ;
; n_cnt_lo_div                         ; 1                      ; Signed Integer                                                       ;
; n_cnt_bypass_en                      ; false                  ; String                                                               ;
; n_cnt_odd_div_duty_en                ; false                  ; String                                                               ;
; c_cnt_hi_div0                        ; 1                      ; Signed Integer                                                       ;
; c_cnt_lo_div0                        ; 1                      ; Signed Integer                                                       ;
; c_cnt_bypass_en0                     ; false                  ; String                                                               ;
; c_cnt_in_src0                        ; ph_mux_clk             ; String                                                               ;
; c_cnt_odd_div_duty_en0               ; false                  ; String                                                               ;
; c_cnt_prst0                          ; 1                      ; Signed Integer                                                       ;
; c_cnt_ph_mux_prst0                   ; 0                      ; Signed Integer                                                       ;
; c_cnt_hi_div1                        ; 1                      ; Signed Integer                                                       ;
; c_cnt_lo_div1                        ; 1                      ; Signed Integer                                                       ;
; c_cnt_bypass_en1                     ; false                  ; String                                                               ;
; c_cnt_in_src1                        ; ph_mux_clk             ; String                                                               ;
; c_cnt_odd_div_duty_en1               ; false                  ; String                                                               ;
; c_cnt_prst1                          ; 1                      ; Signed Integer                                                       ;
; c_cnt_ph_mux_prst1                   ; 0                      ; Signed Integer                                                       ;
; c_cnt_hi_div2                        ; 1                      ; Signed Integer                                                       ;
; c_cnt_lo_div2                        ; 1                      ; Signed Integer                                                       ;
; c_cnt_bypass_en2                     ; false                  ; String                                                               ;
; c_cnt_in_src2                        ; ph_mux_clk             ; String                                                               ;
; c_cnt_odd_div_duty_en2               ; false                  ; String                                                               ;
; c_cnt_prst2                          ; 1                      ; Signed Integer                                                       ;
; c_cnt_ph_mux_prst2                   ; 0                      ; Signed Integer                                                       ;
; c_cnt_hi_div3                        ; 1                      ; Signed Integer                                                       ;
; c_cnt_lo_div3                        ; 1                      ; Signed Integer                                                       ;
; c_cnt_bypass_en3                     ; false                  ; String                                                               ;
; c_cnt_in_src3                        ; ph_mux_clk             ; String                                                               ;
; c_cnt_odd_div_duty_en3               ; false                  ; String                                                               ;
; c_cnt_prst3                          ; 1                      ; Signed Integer                                                       ;
; c_cnt_ph_mux_prst3                   ; 0                      ; Signed Integer                                                       ;
; c_cnt_hi_div4                        ; 1                      ; Signed Integer                                                       ;
; c_cnt_lo_div4                        ; 1                      ; Signed Integer                                                       ;
; c_cnt_bypass_en4                     ; false                  ; String                                                               ;
; c_cnt_in_src4                        ; ph_mux_clk             ; String                                                               ;
; c_cnt_odd_div_duty_en4               ; false                  ; String                                                               ;
; c_cnt_prst4                          ; 1                      ; Signed Integer                                                       ;
; c_cnt_ph_mux_prst4                   ; 0                      ; Signed Integer                                                       ;
; c_cnt_hi_div5                        ; 1                      ; Signed Integer                                                       ;
; c_cnt_lo_div5                        ; 1                      ; Signed Integer                                                       ;
; c_cnt_bypass_en5                     ; false                  ; String                                                               ;
; c_cnt_in_src5                        ; ph_mux_clk             ; String                                                               ;
; c_cnt_odd_div_duty_en5               ; false                  ; String                                                               ;
; c_cnt_prst5                          ; 1                      ; Signed Integer                                                       ;
; c_cnt_ph_mux_prst5                   ; 0                      ; Signed Integer                                                       ;
; c_cnt_hi_div6                        ; 1                      ; Signed Integer                                                       ;
; c_cnt_lo_div6                        ; 1                      ; Signed Integer                                                       ;
; c_cnt_bypass_en6                     ; false                  ; String                                                               ;
; c_cnt_in_src6                        ; ph_mux_clk             ; String                                                               ;
; c_cnt_odd_div_duty_en6               ; false                  ; String                                                               ;
; c_cnt_prst6                          ; 1                      ; Signed Integer                                                       ;
; c_cnt_ph_mux_prst6                   ; 0                      ; Signed Integer                                                       ;
; c_cnt_hi_div7                        ; 1                      ; Signed Integer                                                       ;
; c_cnt_lo_div7                        ; 1                      ; Signed Integer                                                       ;
; c_cnt_bypass_en7                     ; false                  ; String                                                               ;
; c_cnt_in_src7                        ; ph_mux_clk             ; String                                                               ;
; c_cnt_odd_div_duty_en7               ; false                  ; String                                                               ;
; c_cnt_prst7                          ; 1                      ; Signed Integer                                                       ;
; c_cnt_ph_mux_prst7                   ; 0                      ; Signed Integer                                                       ;
; c_cnt_hi_div8                        ; 1                      ; Signed Integer                                                       ;
; c_cnt_lo_div8                        ; 1                      ; Signed Integer                                                       ;
; c_cnt_bypass_en8                     ; false                  ; String                                                               ;
; c_cnt_in_src8                        ; ph_mux_clk             ; String                                                               ;
; c_cnt_odd_div_duty_en8               ; false                  ; String                                                               ;
; c_cnt_prst8                          ; 1                      ; Signed Integer                                                       ;
; c_cnt_ph_mux_prst8                   ; 0                      ; Signed Integer                                                       ;
; c_cnt_hi_div9                        ; 1                      ; Signed Integer                                                       ;
; c_cnt_lo_div9                        ; 1                      ; Signed Integer                                                       ;
; c_cnt_bypass_en9                     ; false                  ; String                                                               ;
; c_cnt_in_src9                        ; ph_mux_clk             ; String                                                               ;
; c_cnt_odd_div_duty_en9               ; false                  ; String                                                               ;
; c_cnt_prst9                          ; 1                      ; Signed Integer                                                       ;
; c_cnt_ph_mux_prst9                   ; 0                      ; Signed Integer                                                       ;
; c_cnt_hi_div10                       ; 1                      ; Signed Integer                                                       ;
; c_cnt_lo_div10                       ; 1                      ; Signed Integer                                                       ;
; c_cnt_bypass_en10                    ; false                  ; String                                                               ;
; c_cnt_in_src10                       ; ph_mux_clk             ; String                                                               ;
; c_cnt_odd_div_duty_en10              ; false                  ; String                                                               ;
; c_cnt_prst10                         ; 1                      ; Signed Integer                                                       ;
; c_cnt_ph_mux_prst10                  ; 0                      ; Signed Integer                                                       ;
; c_cnt_hi_div11                       ; 1                      ; Signed Integer                                                       ;
; c_cnt_lo_div11                       ; 1                      ; Signed Integer                                                       ;
; c_cnt_bypass_en11                    ; false                  ; String                                                               ;
; c_cnt_in_src11                       ; ph_mux_clk             ; String                                                               ;
; c_cnt_odd_div_duty_en11              ; false                  ; String                                                               ;
; c_cnt_prst11                         ; 1                      ; Signed Integer                                                       ;
; c_cnt_ph_mux_prst11                  ; 0                      ; Signed Integer                                                       ;
; c_cnt_hi_div12                       ; 1                      ; Signed Integer                                                       ;
; c_cnt_lo_div12                       ; 1                      ; Signed Integer                                                       ;
; c_cnt_bypass_en12                    ; false                  ; String                                                               ;
; c_cnt_in_src12                       ; ph_mux_clk             ; String                                                               ;
; c_cnt_odd_div_duty_en12              ; false                  ; String                                                               ;
; c_cnt_prst12                         ; 1                      ; Signed Integer                                                       ;
; c_cnt_ph_mux_prst12                  ; 0                      ; Signed Integer                                                       ;
; c_cnt_hi_div13                       ; 1                      ; Signed Integer                                                       ;
; c_cnt_lo_div13                       ; 1                      ; Signed Integer                                                       ;
; c_cnt_bypass_en13                    ; false                  ; String                                                               ;
; c_cnt_in_src13                       ; ph_mux_clk             ; String                                                               ;
; c_cnt_odd_div_duty_en13              ; false                  ; String                                                               ;
; c_cnt_prst13                         ; 1                      ; Signed Integer                                                       ;
; c_cnt_ph_mux_prst13                  ; 0                      ; Signed Integer                                                       ;
; c_cnt_hi_div14                       ; 1                      ; Signed Integer                                                       ;
; c_cnt_lo_div14                       ; 1                      ; Signed Integer                                                       ;
; c_cnt_bypass_en14                    ; false                  ; String                                                               ;
; c_cnt_in_src14                       ; ph_mux_clk             ; String                                                               ;
; c_cnt_odd_div_duty_en14              ; false                  ; String                                                               ;
; c_cnt_prst14                         ; 1                      ; Signed Integer                                                       ;
; c_cnt_ph_mux_prst14                  ; 0                      ; Signed Integer                                                       ;
; c_cnt_hi_div15                       ; 1                      ; Signed Integer                                                       ;
; c_cnt_lo_div15                       ; 1                      ; Signed Integer                                                       ;
; c_cnt_bypass_en15                    ; false                  ; String                                                               ;
; c_cnt_in_src15                       ; ph_mux_clk             ; String                                                               ;
; c_cnt_odd_div_duty_en15              ; false                  ; String                                                               ;
; c_cnt_prst15                         ; 1                      ; Signed Integer                                                       ;
; c_cnt_ph_mux_prst15                  ; 0                      ; Signed Integer                                                       ;
; c_cnt_hi_div16                       ; 1                      ; Signed Integer                                                       ;
; c_cnt_lo_div16                       ; 1                      ; Signed Integer                                                       ;
; c_cnt_bypass_en16                    ; false                  ; String                                                               ;
; c_cnt_in_src16                       ; ph_mux_clk             ; String                                                               ;
; c_cnt_odd_div_duty_en16              ; false                  ; String                                                               ;
; c_cnt_prst16                         ; 1                      ; Signed Integer                                                       ;
; c_cnt_ph_mux_prst16                  ; 0                      ; Signed Integer                                                       ;
; c_cnt_hi_div17                       ; 1                      ; Signed Integer                                                       ;
; c_cnt_lo_div17                       ; 1                      ; Signed Integer                                                       ;
; c_cnt_bypass_en17                    ; false                  ; String                                                               ;
; c_cnt_in_src17                       ; ph_mux_clk             ; String                                                               ;
; c_cnt_odd_div_duty_en17              ; false                  ; String                                                               ;
; c_cnt_prst17                         ; 1                      ; Signed Integer                                                       ;
; c_cnt_ph_mux_prst17                  ; 0                      ; Signed Integer                                                       ;
; pll_vco_div                          ; 1                      ; Signed Integer                                                       ;
; pll_slf_rst                          ; false                  ; String                                                               ;
; pll_bw_sel                           ; low                    ; String                                                               ;
; pll_output_clk_frequency             ; 0 MHz                  ; String                                                               ;
; pll_cp_current                       ; 0                      ; Signed Integer                                                       ;
; pll_bwctrl                           ; 0                      ; Signed Integer                                                       ;
; pll_fractional_division              ; 1                      ; Signed Integer                                                       ;
; pll_fractional_cout                  ; 24                     ; Signed Integer                                                       ;
; pll_dsm_out_sel                      ; 1st_order              ; String                                                               ;
; mimic_fbclk_type                     ; gclk                   ; String                                                               ;
; pll_fbclk_mux_1                      ; glb                    ; String                                                               ;
; pll_fbclk_mux_2                      ; fb_1                   ; String                                                               ;
; pll_m_cnt_in_src                     ; ph_mux_clk             ; String                                                               ;
; pll_vcoph_div                        ; 1                      ; Signed Integer                                                       ;
; refclk1_frequency                    ; 0 MHz                  ; String                                                               ;
; pll_clkin_0_src                      ; clk_0                  ; String                                                               ;
; pll_clkin_1_src                      ; clk_0                  ; String                                                               ;
; pll_clk_loss_sw_en                   ; false                  ; String                                                               ;
; pll_auto_clk_sw_en                   ; false                  ; String                                                               ;
; pll_manu_clk_sw_en                   ; false                  ; String                                                               ;
; pll_clk_sw_dly                       ; 0                      ; Signed Integer                                                       ;
; pll_extclk_0_cnt_src                 ; pll_extclk_cnt_src_vss ; String                                                               ;
; pll_extclk_1_cnt_src                 ; pll_extclk_cnt_src_vss ; String                                                               ;
+--------------------------------------+------------------------+----------------------------------------------------------------------+
Note: In order to hide this table in the UI and the text report file, please set the "Show Parameter Settings in Synthesis Report" option in "Analysis and Synthesis Settings -> More Settings" to "Off".


+----------------------------------------------------------------------------------------------------------------+
; Parameter Settings for Inferred Entity Instance: pattern_generator:u_game|RED_rom_b:rrb_r|altsyncram:mem_rtl_0 ;
+------------------------------------+------------------------------------------------+--------------------------+
; Parameter Name                     ; Value                                          ; Type                     ;
+------------------------------------+------------------------------------------------+--------------------------+
; BYTE_SIZE_BLOCK                    ; 8                                              ; Untyped                  ;
; AUTO_CARRY_CHAINS                  ; ON                                             ; AUTO_CARRY               ;
; IGNORE_CARRY_BUFFERS               ; OFF                                            ; IGNORE_CARRY             ;
; AUTO_CASCADE_CHAINS                ; ON                                             ; AUTO_CASCADE             ;
; IGNORE_CASCADE_BUFFERS             ; OFF                                            ; IGNORE_CASCADE           ;
; WIDTH_BYTEENA                      ; 1                                              ; Untyped                  ;
; OPERATION_MODE                     ; ROM                                            ; Untyped                  ;
; WIDTH_A                            ; 8                                              ; Untyped                  ;
; WIDTHAD_A                          ; 9                                              ; Untyped                  ;
; NUMWORDS_A                         ; 462                                            ; Untyped                  ;
; OUTDATA_REG_A                      ; UNREGISTERED                                   ; Untyped                  ;
; ADDRESS_ACLR_A                     ; NONE                                           ; Untyped                  ;
; OUTDATA_ACLR_A                     ; NONE                                           ; Untyped                  ;
; WRCONTROL_ACLR_A                   ; NONE                                           ; Untyped                  ;
; INDATA_ACLR_A                      ; NONE                                           ; Untyped                  ;
; BYTEENA_ACLR_A                     ; NONE                                           ; Untyped                  ;
; WIDTH_B                            ; 1                                              ; Untyped                  ;
; WIDTHAD_B                          ; 1                                              ; Untyped                  ;
; NUMWORDS_B                         ; 1                                              ; Untyped                  ;
; INDATA_REG_B                       ; CLOCK1                                         ; Untyped                  ;
; WRCONTROL_WRADDRESS_REG_B          ; CLOCK1                                         ; Untyped                  ;
; RDCONTROL_REG_B                    ; CLOCK1                                         ; Untyped                  ;
; ADDRESS_REG_B                      ; CLOCK1                                         ; Untyped                  ;
; OUTDATA_REG_B                      ; UNREGISTERED                                   ; Untyped                  ;
; BYTEENA_REG_B                      ; CLOCK1                                         ; Untyped                  ;
; INDATA_ACLR_B                      ; NONE                                           ; Untyped                  ;
; WRCONTROL_ACLR_B                   ; NONE                                           ; Untyped                  ;
; ADDRESS_ACLR_B                     ; NONE                                           ; Untyped                  ;
; OUTDATA_ACLR_B                     ; NONE                                           ; Untyped                  ;
; RDCONTROL_ACLR_B                   ; NONE                                           ; Untyped                  ;
; BYTEENA_ACLR_B                     ; NONE                                           ; Untyped                  ;
; WIDTH_BYTEENA_A                    ; 1                                              ; Untyped                  ;
; WIDTH_BYTEENA_B                    ; 1                                              ; Untyped                  ;
; RAM_BLOCK_TYPE                     ; AUTO                                           ; Untyped                  ;
; BYTE_SIZE                          ; 8                                              ; Untyped                  ;
; READ_DURING_WRITE_MODE_MIXED_PORTS ; DONT_CARE                                      ; Untyped                  ;
; READ_DURING_WRITE_MODE_PORT_A      ; NEW_DATA_NO_NBE_READ                           ; Untyped                  ;
; READ_DURING_WRITE_MODE_PORT_B      ; NEW_DATA_NO_NBE_READ                           ; Untyped                  ;
; INIT_FILE                          ; db/Project_VGA.ram0_RED_rom_b_a4d3ae3f.hdl.mif ; Untyped                  ;
; INIT_FILE_LAYOUT                   ; PORT_A                                         ; Untyped                  ;
; MAXIMUM_DEPTH                      ; 0                                              ; Untyped                  ;
; CLOCK_ENABLE_INPUT_A               ; NORMAL                                         ; Untyped                  ;
; CLOCK_ENABLE_INPUT_B               ; NORMAL                                         ; Untyped                  ;
; CLOCK_ENABLE_OUTPUT_A              ; NORMAL                                         ; Untyped                  ;
; CLOCK_ENABLE_OUTPUT_B              ; NORMAL                                         ; Untyped                  ;
; CLOCK_ENABLE_CORE_A                ; USE_INPUT_CLKEN                                ; Untyped                  ;
; CLOCK_ENABLE_CORE_B                ; USE_INPUT_CLKEN                                ; Untyped                  ;
; ENABLE_ECC                         ; FALSE                                          ; Untyped                  ;
; ECC_PIPELINE_STAGE_ENABLED         ; FALSE                                          ; Untyped                  ;
; WIDTH_ECCSTATUS                    ; 3                                              ; Untyped                  ;
; DEVICE_FAMILY                      ; Cyclone V                                      ; Untyped                  ;
; CBXI_PARAMETER                     ; altsyncram_uqd1                                ; Untyped                  ;
+------------------------------------+------------------------------------------------+--------------------------+
Note: In order to hide this table in the UI and the text report file, please set the "Show Parameter Settings in Synthesis Report" option in "Analysis and Synthesis Settings -> More Settings" to "Off".


+----------------------------------------------------------------------------------------------------------------+
; Parameter Settings for Inferred Entity Instance: pattern_generator:u_game|RED_rom_g:rrg_r|altsyncram:mem_rtl_0 ;
+------------------------------------+------------------------------------------------+--------------------------+
; Parameter Name                     ; Value                                          ; Type                     ;
+------------------------------------+------------------------------------------------+--------------------------+
; BYTE_SIZE_BLOCK                    ; 8                                              ; Untyped                  ;
; AUTO_CARRY_CHAINS                  ; ON                                             ; AUTO_CARRY               ;
; IGNORE_CARRY_BUFFERS               ; OFF                                            ; IGNORE_CARRY             ;
; AUTO_CASCADE_CHAINS                ; ON                                             ; AUTO_CASCADE             ;
; IGNORE_CASCADE_BUFFERS             ; OFF                                            ; IGNORE_CASCADE           ;
; WIDTH_BYTEENA                      ; 1                                              ; Untyped                  ;
; OPERATION_MODE                     ; ROM                                            ; Untyped                  ;
; WIDTH_A                            ; 8                                              ; Untyped                  ;
; WIDTHAD_A                          ; 9                                              ; Untyped                  ;
; NUMWORDS_A                         ; 462                                            ; Untyped                  ;
; OUTDATA_REG_A                      ; UNREGISTERED                                   ; Untyped                  ;
; ADDRESS_ACLR_A                     ; NONE                                           ; Untyped                  ;
; OUTDATA_ACLR_A                     ; NONE                                           ; Untyped                  ;
; WRCONTROL_ACLR_A                   ; NONE                                           ; Untyped                  ;
; INDATA_ACLR_A                      ; NONE                                           ; Untyped                  ;
; BYTEENA_ACLR_A                     ; NONE                                           ; Untyped                  ;
; WIDTH_B                            ; 1                                              ; Untyped                  ;
; WIDTHAD_B                          ; 1                                              ; Untyped                  ;
; NUMWORDS_B                         ; 1                                              ; Untyped                  ;
; INDATA_REG_B                       ; CLOCK1                                         ; Untyped                  ;
; WRCONTROL_WRADDRESS_REG_B          ; CLOCK1                                         ; Untyped                  ;
; RDCONTROL_REG_B                    ; CLOCK1                                         ; Untyped                  ;
; ADDRESS_REG_B                      ; CLOCK1                                         ; Untyped                  ;
; OUTDATA_REG_B                      ; UNREGISTERED                                   ; Untyped                  ;
; BYTEENA_REG_B                      ; CLOCK1                                         ; Untyped                  ;
; INDATA_ACLR_B                      ; NONE                                           ; Untyped                  ;
; WRCONTROL_ACLR_B                   ; NONE                                           ; Untyped                  ;
; ADDRESS_ACLR_B                     ; NONE                                           ; Untyped                  ;
; OUTDATA_ACLR_B                     ; NONE                                           ; Untyped                  ;
; RDCONTROL_ACLR_B                   ; NONE                                           ; Untyped                  ;
; BYTEENA_ACLR_B                     ; NONE                                           ; Untyped                  ;
; WIDTH_BYTEENA_A                    ; 1                                              ; Untyped                  ;
; WIDTH_BYTEENA_B                    ; 1                                              ; Untyped                  ;
; RAM_BLOCK_TYPE                     ; AUTO                                           ; Untyped                  ;
; BYTE_SIZE                          ; 8                                              ; Untyped                  ;
; READ_DURING_WRITE_MODE_MIXED_PORTS ; DONT_CARE                                      ; Untyped                  ;
; READ_DURING_WRITE_MODE_PORT_A      ; NEW_DATA_NO_NBE_READ                           ; Untyped                  ;
; READ_DURING_WRITE_MODE_PORT_B      ; NEW_DATA_NO_NBE_READ                           ; Untyped                  ;
; INIT_FILE                          ; db/Project_VGA.ram0_RED_rom_g_a4d3ae38.hdl.mif ; Untyped                  ;
; INIT_FILE_LAYOUT                   ; PORT_A                                         ; Untyped                  ;
; MAXIMUM_DEPTH                      ; 0                                              ; Untyped                  ;
; CLOCK_ENABLE_INPUT_A               ; NORMAL                                         ; Untyped                  ;
; CLOCK_ENABLE_INPUT_B               ; NORMAL                                         ; Untyped                  ;
; CLOCK_ENABLE_OUTPUT_A              ; NORMAL                                         ; Untyped                  ;
; CLOCK_ENABLE_OUTPUT_B              ; NORMAL                                         ; Untyped                  ;
; CLOCK_ENABLE_CORE_A                ; USE_INPUT_CLKEN                                ; Untyped                  ;
; CLOCK_ENABLE_CORE_B                ; USE_INPUT_CLKEN                                ; Untyped                  ;
; ENABLE_ECC                         ; FALSE                                          ; Untyped                  ;
; ECC_PIPELINE_STAGE_ENABLED         ; FALSE                                          ; Untyped                  ;
; WIDTH_ECCSTATUS                    ; 3                                              ; Untyped                  ;
; DEVICE_FAMILY                      ; Cyclone V                                      ; Untyped                  ;
; CBXI_PARAMETER                     ; altsyncram_lpd1                                ; Untyped                  ;
+------------------------------------+------------------------------------------------+--------------------------+
Note: In order to hide this table in the UI and the text report file, please set the "Show Parameter Settings in Synthesis Report" option in "Analysis and Synthesis Settings -> More Settings" to "Off".


+----------------------------------------------------------------------------------------------------------------+
; Parameter Settings for Inferred Entity Instance: pattern_generator:u_game|RED_rom_r:rrr_r|altsyncram:mem_rtl_0 ;
+------------------------------------+------------------------------------------------+--------------------------+
; Parameter Name                     ; Value                                          ; Type                     ;
+------------------------------------+------------------------------------------------+--------------------------+
; BYTE_SIZE_BLOCK                    ; 8                                              ; Untyped                  ;
; AUTO_CARRY_CHAINS                  ; ON                                             ; AUTO_CARRY               ;
; IGNORE_CARRY_BUFFERS               ; OFF                                            ; IGNORE_CARRY             ;
; AUTO_CASCADE_CHAINS                ; ON                                             ; AUTO_CASCADE             ;
; IGNORE_CASCADE_BUFFERS             ; OFF                                            ; IGNORE_CASCADE           ;
; WIDTH_BYTEENA                      ; 1                                              ; Untyped                  ;
; OPERATION_MODE                     ; ROM                                            ; Untyped                  ;
; WIDTH_A                            ; 8                                              ; Untyped                  ;
; WIDTHAD_A                          ; 9                                              ; Untyped                  ;
; NUMWORDS_A                         ; 462                                            ; Untyped                  ;
; OUTDATA_REG_A                      ; UNREGISTERED                                   ; Untyped                  ;
; ADDRESS_ACLR_A                     ; NONE                                           ; Untyped                  ;
; OUTDATA_ACLR_A                     ; NONE                                           ; Untyped                  ;
; WRCONTROL_ACLR_A                   ; NONE                                           ; Untyped                  ;
; INDATA_ACLR_A                      ; NONE                                           ; Untyped                  ;
; BYTEENA_ACLR_A                     ; NONE                                           ; Untyped                  ;
; WIDTH_B                            ; 1                                              ; Untyped                  ;
; WIDTHAD_B                          ; 1                                              ; Untyped                  ;
; NUMWORDS_B                         ; 1                                              ; Untyped                  ;
; INDATA_REG_B                       ; CLOCK1                                         ; Untyped                  ;
; WRCONTROL_WRADDRESS_REG_B          ; CLOCK1                                         ; Untyped                  ;
; RDCONTROL_REG_B                    ; CLOCK1                                         ; Untyped                  ;
; ADDRESS_REG_B                      ; CLOCK1                                         ; Untyped                  ;
; OUTDATA_REG_B                      ; UNREGISTERED                                   ; Untyped                  ;
; BYTEENA_REG_B                      ; CLOCK1                                         ; Untyped                  ;
; INDATA_ACLR_B                      ; NONE                                           ; Untyped                  ;
; WRCONTROL_ACLR_B                   ; NONE                                           ; Untyped                  ;
; ADDRESS_ACLR_B                     ; NONE                                           ; Untyped                  ;
; OUTDATA_ACLR_B                     ; NONE                                           ; Untyped                  ;
; RDCONTROL_ACLR_B                   ; NONE                                           ; Untyped                  ;
; BYTEENA_ACLR_B                     ; NONE                                           ; Untyped                  ;
; WIDTH_BYTEENA_A                    ; 1                                              ; Untyped                  ;
; WIDTH_BYTEENA_B                    ; 1                                              ; Untyped                  ;
; RAM_BLOCK_TYPE                     ; AUTO                                           ; Untyped                  ;
; BYTE_SIZE                          ; 8                                              ; Untyped                  ;
; READ_DURING_WRITE_MODE_MIXED_PORTS ; DONT_CARE                                      ; Untyped                  ;
; READ_DURING_WRITE_MODE_PORT_A      ; NEW_DATA_NO_NBE_READ                           ; Untyped                  ;
; READ_DURING_WRITE_MODE_PORT_B      ; NEW_DATA_NO_NBE_READ                           ; Untyped                  ;
; INIT_FILE                          ; db/Project_VGA.ram0_RED_rom_r_a4d3ae2f.hdl.mif ; Untyped                  ;
; INIT_FILE_LAYOUT                   ; PORT_A                                         ; Untyped                  ;
; MAXIMUM_DEPTH                      ; 0                                              ; Untyped                  ;
; CLOCK_ENABLE_INPUT_A               ; NORMAL                                         ; Untyped                  ;
; CLOCK_ENABLE_INPUT_B               ; NORMAL                                         ; Untyped                  ;
; CLOCK_ENABLE_OUTPUT_A              ; NORMAL                                         ; Untyped                  ;
; CLOCK_ENABLE_OUTPUT_B              ; NORMAL                                         ; Untyped                  ;
; CLOCK_ENABLE_CORE_A                ; USE_INPUT_CLKEN                                ; Untyped                  ;
; CLOCK_ENABLE_CORE_B                ; USE_INPUT_CLKEN                                ; Untyped                  ;
; ENABLE_ECC                         ; FALSE                                          ; Untyped                  ;
; ECC_PIPELINE_STAGE_ENABLED         ; FALSE                                          ; Untyped                  ;
; WIDTH_ECCSTATUS                    ; 3                                              ; Untyped                  ;
; DEVICE_FAMILY                      ; Cyclone V                                      ; Untyped                  ;
; CBXI_PARAMETER                     ; altsyncram_drd1                                ; Untyped                  ;
+------------------------------------+------------------------------------------------+--------------------------+
Note: In order to hide this table in the UI and the text report file, please set the "Show Parameter Settings in Synthesis Report" option in "Analysis and Synthesis Settings -> More Settings" to "Off".


+----------------------------------------------------------------------------------------------------------------+
; Parameter Settings for Inferred Entity Instance: pattern_generator:u_game|BLU_rom_b:prb_b|altsyncram:mem_rtl_0 ;
+------------------------------------+------------------------------------------------+--------------------------+
; Parameter Name                     ; Value                                          ; Type                     ;
+------------------------------------+------------------------------------------------+--------------------------+
; BYTE_SIZE_BLOCK                    ; 8                                              ; Untyped                  ;
; AUTO_CARRY_CHAINS                  ; ON                                             ; AUTO_CARRY               ;
; IGNORE_CARRY_BUFFERS               ; OFF                                            ; IGNORE_CARRY             ;
; AUTO_CASCADE_CHAINS                ; ON                                             ; AUTO_CASCADE             ;
; IGNORE_CASCADE_BUFFERS             ; OFF                                            ; IGNORE_CASCADE           ;
; WIDTH_BYTEENA                      ; 1                                              ; Untyped                  ;
; OPERATION_MODE                     ; ROM                                            ; Untyped                  ;
; WIDTH_A                            ; 8                                              ; Untyped                  ;
; WIDTHAD_A                          ; 9                                              ; Untyped                  ;
; NUMWORDS_A                         ; 462                                            ; Untyped                  ;
; OUTDATA_REG_A                      ; UNREGISTERED                                   ; Untyped                  ;
; ADDRESS_ACLR_A                     ; NONE                                           ; Untyped                  ;
; OUTDATA_ACLR_A                     ; NONE                                           ; Untyped                  ;
; WRCONTROL_ACLR_A                   ; NONE                                           ; Untyped                  ;
; INDATA_ACLR_A                      ; NONE                                           ; Untyped                  ;
; BYTEENA_ACLR_A                     ; NONE                                           ; Untyped                  ;
; WIDTH_B                            ; 1                                              ; Untyped                  ;
; WIDTHAD_B                          ; 1                                              ; Untyped                  ;
; NUMWORDS_B                         ; 1                                              ; Untyped                  ;
; INDATA_REG_B                       ; CLOCK1                                         ; Untyped                  ;
; WRCONTROL_WRADDRESS_REG_B          ; CLOCK1                                         ; Untyped                  ;
; RDCONTROL_REG_B                    ; CLOCK1                                         ; Untyped                  ;
; ADDRESS_REG_B                      ; CLOCK1                                         ; Untyped                  ;
; OUTDATA_REG_B                      ; UNREGISTERED                                   ; Untyped                  ;
; BYTEENA_REG_B                      ; CLOCK1                                         ; Untyped                  ;
; INDATA_ACLR_B                      ; NONE                                           ; Untyped                  ;
; WRCONTROL_ACLR_B                   ; NONE                                           ; Untyped                  ;
; ADDRESS_ACLR_B                     ; NONE                                           ; Untyped                  ;
; OUTDATA_ACLR_B                     ; NONE                                           ; Untyped                  ;
; RDCONTROL_ACLR_B                   ; NONE                                           ; Untyped                  ;
; BYTEENA_ACLR_B                     ; NONE                                           ; Untyped                  ;
; WIDTH_BYTEENA_A                    ; 1                                              ; Untyped                  ;
; WIDTH_BYTEENA_B                    ; 1                                              ; Untyped                  ;
; RAM_BLOCK_TYPE                     ; AUTO                                           ; Untyped                  ;
; BYTE_SIZE                          ; 8                                              ; Untyped                  ;
; READ_DURING_WRITE_MODE_MIXED_PORTS ; DONT_CARE                                      ; Untyped                  ;
; READ_DURING_WRITE_MODE_PORT_A      ; NEW_DATA_NO_NBE_READ                           ; Untyped                  ;
; READ_DURING_WRITE_MODE_PORT_B      ; NEW_DATA_NO_NBE_READ                           ; Untyped                  ;
; INIT_FILE                          ; db/Project_VGA.ram0_BLU_rom_b_b820583b.hdl.mif ; Untyped                  ;
; INIT_FILE_LAYOUT                   ; PORT_A                                         ; Untyped                  ;
; MAXIMUM_DEPTH                      ; 0                                              ; Untyped                  ;
; CLOCK_ENABLE_INPUT_A               ; NORMAL                                         ; Untyped                  ;
; CLOCK_ENABLE_INPUT_B               ; NORMAL                                         ; Untyped                  ;
; CLOCK_ENABLE_OUTPUT_A              ; NORMAL                                         ; Untyped                  ;
; CLOCK_ENABLE_OUTPUT_B              ; NORMAL                                         ; Untyped                  ;
; CLOCK_ENABLE_CORE_A                ; USE_INPUT_CLKEN                                ; Untyped                  ;
; CLOCK_ENABLE_CORE_B                ; USE_INPUT_CLKEN                                ; Untyped                  ;
; ENABLE_ECC                         ; FALSE                                          ; Untyped                  ;
; ECC_PIPELINE_STAGE_ENABLED         ; FALSE                                          ; Untyped                  ;
; WIDTH_ECCSTATUS                    ; 3                                              ; Untyped                  ;
; DEVICE_FAMILY                      ; Cyclone V                                      ; Untyped                  ;
; CBXI_PARAMETER                     ; altsyncram_pmd1                                ; Untyped                  ;
+------------------------------------+------------------------------------------------+--------------------------+
Note: In order to hide this table in the UI and the text report file, please set the "Show Parameter Settings in Synthesis Report" option in "Analysis and Synthesis Settings -> More Settings" to "Off".


+----------------------------------------------------------------------------------------------------------------+
; Parameter Settings for Inferred Entity Instance: pattern_generator:u_game|BLU_rom_g:prg_b|altsyncram:mem_rtl_0 ;
+------------------------------------+------------------------------------------------+--------------------------+
; Parameter Name                     ; Value                                          ; Type                     ;
+------------------------------------+------------------------------------------------+--------------------------+
; BYTE_SIZE_BLOCK                    ; 8                                              ; Untyped                  ;
; AUTO_CARRY_CHAINS                  ; ON                                             ; AUTO_CARRY               ;
; IGNORE_CARRY_BUFFERS               ; OFF                                            ; IGNORE_CARRY             ;
; AUTO_CASCADE_CHAINS                ; ON                                             ; AUTO_CASCADE             ;
; IGNORE_CASCADE_BUFFERS             ; OFF                                            ; IGNORE_CASCADE           ;
; WIDTH_BYTEENA                      ; 1                                              ; Untyped                  ;
; OPERATION_MODE                     ; ROM                                            ; Untyped                  ;
; WIDTH_A                            ; 8                                              ; Untyped                  ;
; WIDTHAD_A                          ; 9                                              ; Untyped                  ;
; NUMWORDS_A                         ; 462                                            ; Untyped                  ;
; OUTDATA_REG_A                      ; UNREGISTERED                                   ; Untyped                  ;
; ADDRESS_ACLR_A                     ; NONE                                           ; Untyped                  ;
; OUTDATA_ACLR_A                     ; NONE                                           ; Untyped                  ;
; WRCONTROL_ACLR_A                   ; NONE                                           ; Untyped                  ;
; INDATA_ACLR_A                      ; NONE                                           ; Untyped                  ;
; BYTEENA_ACLR_A                     ; NONE                                           ; Untyped                  ;
; WIDTH_B                            ; 1                                              ; Untyped                  ;
; WIDTHAD_B                          ; 1                                              ; Untyped                  ;
; NUMWORDS_B                         ; 1                                              ; Untyped                  ;
; INDATA_REG_B                       ; CLOCK1                                         ; Untyped                  ;
; WRCONTROL_WRADDRESS_REG_B          ; CLOCK1                                         ; Untyped                  ;
; RDCONTROL_REG_B                    ; CLOCK1                                         ; Untyped                  ;
; ADDRESS_REG_B                      ; CLOCK1                                         ; Untyped                  ;
; OUTDATA_REG_B                      ; UNREGISTERED                                   ; Untyped                  ;
; BYTEENA_REG_B                      ; CLOCK1                                         ; Untyped                  ;
; INDATA_ACLR_B                      ; NONE                                           ; Untyped                  ;
; WRCONTROL_ACLR_B                   ; NONE                                           ; Untyped                  ;
; ADDRESS_ACLR_B                     ; NONE                                           ; Untyped                  ;
; OUTDATA_ACLR_B                     ; NONE                                           ; Untyped                  ;
; RDCONTROL_ACLR_B                   ; NONE                                           ; Untyped                  ;
; BYTEENA_ACLR_B                     ; NONE                                           ; Untyped                  ;
; WIDTH_BYTEENA_A                    ; 1                                              ; Untyped                  ;
; WIDTH_BYTEENA_B                    ; 1                                              ; Untyped                  ;
; RAM_BLOCK_TYPE                     ; AUTO                                           ; Untyped                  ;
; BYTE_SIZE                          ; 8                                              ; Untyped                  ;
; READ_DURING_WRITE_MODE_MIXED_PORTS ; DONT_CARE                                      ; Untyped                  ;
; READ_DURING_WRITE_MODE_PORT_A      ; NEW_DATA_NO_NBE_READ                           ; Untyped                  ;
; READ_DURING_WRITE_MODE_PORT_B      ; NEW_DATA_NO_NBE_READ                           ; Untyped                  ;
; INIT_FILE                          ; db/Project_VGA.ram0_BLU_rom_g_b8205834.hdl.mif ; Untyped                  ;
; INIT_FILE_LAYOUT                   ; PORT_A                                         ; Untyped                  ;
; MAXIMUM_DEPTH                      ; 0                                              ; Untyped                  ;
; CLOCK_ENABLE_INPUT_A               ; NORMAL                                         ; Untyped                  ;
; CLOCK_ENABLE_INPUT_B               ; NORMAL                                         ; Untyped                  ;
; CLOCK_ENABLE_OUTPUT_A              ; NORMAL                                         ; Untyped                  ;
; CLOCK_ENABLE_OUTPUT_B              ; NORMAL                                         ; Untyped                  ;
; CLOCK_ENABLE_CORE_A                ; USE_INPUT_CLKEN                                ; Untyped                  ;
; CLOCK_ENABLE_CORE_B                ; USE_INPUT_CLKEN                                ; Untyped                  ;
; ENABLE_ECC                         ; FALSE                                          ; Untyped                  ;
; ECC_PIPELINE_STAGE_ENABLED         ; FALSE                                          ; Untyped                  ;
; WIDTH_ECCSTATUS                    ; 3                                              ; Untyped                  ;
; DEVICE_FAMILY                      ; Cyclone V                                      ; Untyped                  ;
; CBXI_PARAMETER                     ; altsyncram_gld1                                ; Untyped                  ;
+------------------------------------+------------------------------------------------+--------------------------+
Note: In order to hide this table in the UI and the text report file, please set the "Show Parameter Settings in Synthesis Report" option in "Analysis and Synthesis Settings -> More Settings" to "Off".


+----------------------------------------------------------------------------------------------------------------+
; Parameter Settings for Inferred Entity Instance: pattern_generator:u_game|BLU_rom_r:prr_b|altsyncram:mem_rtl_0 ;
+------------------------------------+------------------------------------------------+--------------------------+
; Parameter Name                     ; Value                                          ; Type                     ;
+------------------------------------+------------------------------------------------+--------------------------+
; BYTE_SIZE_BLOCK                    ; 8                                              ; Untyped                  ;
; AUTO_CARRY_CHAINS                  ; ON                                             ; AUTO_CARRY               ;
; IGNORE_CARRY_BUFFERS               ; OFF                                            ; IGNORE_CARRY             ;
; AUTO_CASCADE_CHAINS                ; ON                                             ; AUTO_CASCADE             ;
; IGNORE_CASCADE_BUFFERS             ; OFF                                            ; IGNORE_CASCADE           ;
; WIDTH_BYTEENA                      ; 1                                              ; Untyped                  ;
; OPERATION_MODE                     ; ROM                                            ; Untyped                  ;
; WIDTH_A                            ; 8                                              ; Untyped                  ;
; WIDTHAD_A                          ; 9                                              ; Untyped                  ;
; NUMWORDS_A                         ; 462                                            ; Untyped                  ;
; OUTDATA_REG_A                      ; UNREGISTERED                                   ; Untyped                  ;
; ADDRESS_ACLR_A                     ; NONE                                           ; Untyped                  ;
; OUTDATA_ACLR_A                     ; NONE                                           ; Untyped                  ;
; WRCONTROL_ACLR_A                   ; NONE                                           ; Untyped                  ;
; INDATA_ACLR_A                      ; NONE                                           ; Untyped                  ;
; BYTEENA_ACLR_A                     ; NONE                                           ; Untyped                  ;
; WIDTH_B                            ; 1                                              ; Untyped                  ;
; WIDTHAD_B                          ; 1                                              ; Untyped                  ;
; NUMWORDS_B                         ; 1                                              ; Untyped                  ;
; INDATA_REG_B                       ; CLOCK1                                         ; Untyped                  ;
; WRCONTROL_WRADDRESS_REG_B          ; CLOCK1                                         ; Untyped                  ;
; RDCONTROL_REG_B                    ; CLOCK1                                         ; Untyped                  ;
; ADDRESS_REG_B                      ; CLOCK1                                         ; Untyped                  ;
; OUTDATA_REG_B                      ; UNREGISTERED                                   ; Untyped                  ;
; BYTEENA_REG_B                      ; CLOCK1                                         ; Untyped                  ;
; INDATA_ACLR_B                      ; NONE                                           ; Untyped                  ;
; WRCONTROL_ACLR_B                   ; NONE                                           ; Untyped                  ;
; ADDRESS_ACLR_B                     ; NONE                                           ; Untyped                  ;
; OUTDATA_ACLR_B                     ; NONE                                           ; Untyped                  ;
; RDCONTROL_ACLR_B                   ; NONE                                           ; Untyped                  ;
; BYTEENA_ACLR_B                     ; NONE                                           ; Untyped                  ;
; WIDTH_BYTEENA_A                    ; 1                                              ; Untyped                  ;
; WIDTH_BYTEENA_B                    ; 1                                              ; Untyped                  ;
; RAM_BLOCK_TYPE                     ; AUTO                                           ; Untyped                  ;
; BYTE_SIZE                          ; 8                                              ; Untyped                  ;
; READ_DURING_WRITE_MODE_MIXED_PORTS ; DONT_CARE                                      ; Untyped                  ;
; READ_DURING_WRITE_MODE_PORT_A      ; NEW_DATA_NO_NBE_READ                           ; Untyped                  ;
; READ_DURING_WRITE_MODE_PORT_B      ; NEW_DATA_NO_NBE_READ                           ; Untyped                  ;
; INIT_FILE                          ; db/Project_VGA.ram0_BLU_rom_r_b82058cb.hdl.mif ; Untyped                  ;
; INIT_FILE_LAYOUT                   ; PORT_A                                         ; Untyped                  ;
; MAXIMUM_DEPTH                      ; 0                                              ; Untyped                  ;
; CLOCK_ENABLE_INPUT_A               ; NORMAL                                         ; Untyped                  ;
; CLOCK_ENABLE_INPUT_B               ; NORMAL                                         ; Untyped                  ;
; CLOCK_ENABLE_OUTPUT_A              ; NORMAL                                         ; Untyped                  ;
; CLOCK_ENABLE_OUTPUT_B              ; NORMAL                                         ; Untyped                  ;
; CLOCK_ENABLE_CORE_A                ; USE_INPUT_CLKEN                                ; Untyped                  ;
; CLOCK_ENABLE_CORE_B                ; USE_INPUT_CLKEN                                ; Untyped                  ;
; ENABLE_ECC                         ; FALSE                                          ; Untyped                  ;
; ECC_PIPELINE_STAGE_ENABLED         ; FALSE                                          ; Untyped                  ;
; WIDTH_ECCSTATUS                    ; 3                                              ; Untyped                  ;
; DEVICE_FAMILY                      ; Cyclone V                                      ; Untyped                  ;
; CBXI_PARAMETER                     ; altsyncram_pod1                                ; Untyped                  ;
+------------------------------------+------------------------------------------------+--------------------------+
Note: In order to hide this table in the UI and the text report file, please set the "Show Parameter Settings in Synthesis Report" option in "Analysis and Synthesis Settings -> More Settings" to "Off".


+-------------------------------------------------------------------------------------------+
; Parameter Settings for Inferred Entity Instance: pattern_generator:u_game|lpm_divide:Div0 ;
+------------------------+----------------+-------------------------------------------------+
; Parameter Name         ; Value          ; Type                                            ;
+------------------------+----------------+-------------------------------------------------+
; LPM_WIDTHN             ; 8              ; Untyped                                         ;
; LPM_WIDTHD             ; 4              ; Untyped                                         ;
; LPM_NREPRESENTATION    ; UNSIGNED       ; Untyped                                         ;
; LPM_DREPRESENTATION    ; UNSIGNED       ; Untyped                                         ;
; LPM_PIPELINE           ; 0              ; Untyped                                         ;
; LPM_REMAINDERPOSITIVE  ; TRUE           ; Untyped                                         ;
; MAXIMIZE_SPEED         ; 5              ; Untyped                                         ;
; CBXI_PARAMETER         ; lpm_divide_5am ; Untyped                                         ;
; CARRY_CHAIN            ; MANUAL         ; Untyped                                         ;
; OPTIMIZE_FOR_SPEED     ; 5              ; Untyped                                         ;
; AUTO_CARRY_CHAINS      ; ON             ; AUTO_CARRY                                      ;
; IGNORE_CARRY_BUFFERS   ; OFF            ; IGNORE_CARRY                                    ;
; AUTO_CASCADE_CHAINS    ; ON             ; AUTO_CASCADE                                    ;
; IGNORE_CASCADE_BUFFERS ; OFF            ; IGNORE_CASCADE                                  ;
+------------------------+----------------+-------------------------------------------------+
Note: In order to hide this table in the UI and the text report file, please set the "Show Parameter Settings in Synthesis Report" option in "Analysis and Synthesis Settings -> More Settings" to "Off".


+-------------------------------------------------------------------------------------------+
; Parameter Settings for Inferred Entity Instance: pattern_generator:u_game|lpm_divide:Mod0 ;
+------------------------+----------------+-------------------------------------------------+
; Parameter Name         ; Value          ; Type                                            ;
+------------------------+----------------+-------------------------------------------------+
; LPM_WIDTHN             ; 8              ; Untyped                                         ;
; LPM_WIDTHD             ; 4              ; Untyped                                         ;
; LPM_NREPRESENTATION    ; UNSIGNED       ; Untyped                                         ;
; LPM_DREPRESENTATION    ; UNSIGNED       ; Untyped                                         ;
; LPM_PIPELINE           ; 0              ; Untyped                                         ;
; LPM_REMAINDERPOSITIVE  ; TRUE           ; Untyped                                         ;
; MAXIMIZE_SPEED         ; 5              ; Untyped                                         ;
; CBXI_PARAMETER         ; lpm_divide_82m ; Untyped                                         ;
; CARRY_CHAIN            ; MANUAL         ; Untyped                                         ;
; OPTIMIZE_FOR_SPEED     ; 5              ; Untyped                                         ;
; AUTO_CARRY_CHAINS      ; ON             ; AUTO_CARRY                                      ;
; IGNORE_CARRY_BUFFERS   ; OFF            ; IGNORE_CARRY                                    ;
; AUTO_CASCADE_CHAINS    ; ON             ; AUTO_CASCADE                                    ;
; IGNORE_CASCADE_BUFFERS ; OFF            ; IGNORE_CASCADE                                  ;
+------------------------+----------------+-------------------------------------------------+
Note: In order to hide this table in the UI and the text report file, please set the "Show Parameter Settings in Synthesis Report" option in "Analysis and Synthesis Settings -> More Settings" to "Off".


+-------------------------------------------------------------------------------------------+
; Parameter Settings for Inferred Entity Instance: pattern_generator:u_game|lpm_divide:Div1 ;
+------------------------+----------------+-------------------------------------------------+
; Parameter Name         ; Value          ; Type                                            ;
+------------------------+----------------+-------------------------------------------------+
; LPM_WIDTHN             ; 8              ; Untyped                                         ;
; LPM_WIDTHD             ; 4              ; Untyped                                         ;
; LPM_NREPRESENTATION    ; UNSIGNED       ; Untyped                                         ;
; LPM_DREPRESENTATION    ; UNSIGNED       ; Untyped                                         ;
; LPM_PIPELINE           ; 0              ; Untyped                                         ;
; LPM_REMAINDERPOSITIVE  ; TRUE           ; Untyped                                         ;
; MAXIMIZE_SPEED         ; 5              ; Untyped                                         ;
; CBXI_PARAMETER         ; lpm_divide_5am ; Untyped                                         ;
; CARRY_CHAIN            ; MANUAL         ; Untyped                                         ;
; OPTIMIZE_FOR_SPEED     ; 5              ; Untyped                                         ;
; AUTO_CARRY_CHAINS      ; ON             ; AUTO_CARRY                                      ;
; IGNORE_CARRY_BUFFERS   ; OFF            ; IGNORE_CARRY                                    ;
; AUTO_CASCADE_CHAINS    ; ON             ; AUTO_CASCADE                                    ;
; IGNORE_CASCADE_BUFFERS ; OFF            ; IGNORE_CASCADE                                  ;
+------------------------+----------------+-------------------------------------------------+
Note: In order to hide this table in the UI and the text report file, please set the "Show Parameter Settings in Synthesis Report" option in "Analysis and Synthesis Settings -> More Settings" to "Off".


+-------------------------------------------------------------------------------------------+
; Parameter Settings for Inferred Entity Instance: pattern_generator:u_game|lpm_divide:Mod1 ;
+------------------------+----------------+-------------------------------------------------+
; Parameter Name         ; Value          ; Type                                            ;
+------------------------+----------------+-------------------------------------------------+
; LPM_WIDTHN             ; 8              ; Untyped                                         ;
; LPM_WIDTHD             ; 4              ; Untyped                                         ;
; LPM_NREPRESENTATION    ; UNSIGNED       ; Untyped                                         ;
; LPM_DREPRESENTATION    ; UNSIGNED       ; Untyped                                         ;
; LPM_PIPELINE           ; 0              ; Untyped                                         ;
; LPM_REMAINDERPOSITIVE  ; TRUE           ; Untyped                                         ;
; MAXIMIZE_SPEED         ; 5              ; Untyped                                         ;
; CBXI_PARAMETER         ; lpm_divide_82m ; Untyped                                         ;
; CARRY_CHAIN            ; MANUAL         ; Untyped                                         ;
; OPTIMIZE_FOR_SPEED     ; 5              ; Untyped                                         ;
; AUTO_CARRY_CHAINS      ; ON             ; AUTO_CARRY                                      ;
; IGNORE_CARRY_BUFFERS   ; OFF            ; IGNORE_CARRY                                    ;
; AUTO_CASCADE_CHAINS    ; ON             ; AUTO_CASCADE                                    ;
; IGNORE_CASCADE_BUFFERS ; OFF            ; IGNORE_CASCADE                                  ;
+------------------------+----------------+-------------------------------------------------+
Note: In order to hide this table in the UI and the text report file, please set the "Show Parameter Settings in Synthesis Report" option in "Analysis and Synthesis Settings -> More Settings" to "Off".


+-----------------------------------------------------------------------------------------------------------+
; altsyncram Parameter Settings by Entity Instance                                                          ;
+-------------------------------------------+---------------------------------------------------------------+
; Name                                      ; Value                                                         ;
+-------------------------------------------+---------------------------------------------------------------+
; Number of entity instances                ; 6                                                             ;
; Entity Instance                           ; pattern_generator:u_game|RED_rom_b:rrb_r|altsyncram:mem_rtl_0 ;
;     -- OPERATION_MODE                     ; ROM                                                           ;
;     -- WIDTH_A                            ; 8                                                             ;
;     -- NUMWORDS_A                         ; 462                                                           ;
;     -- OUTDATA_REG_A                      ; UNREGISTERED                                                  ;
;     -- WIDTH_B                            ; 1                                                             ;
;     -- NUMWORDS_B                         ; 1                                                             ;
;     -- ADDRESS_REG_B                      ; CLOCK1                                                        ;
;     -- OUTDATA_REG_B                      ; UNREGISTERED                                                  ;
;     -- RAM_BLOCK_TYPE                     ; AUTO                                                          ;
;     -- READ_DURING_WRITE_MODE_MIXED_PORTS ; DONT_CARE                                                     ;
; Entity Instance                           ; pattern_generator:u_game|RED_rom_g:rrg_r|altsyncram:mem_rtl_0 ;
;     -- OPERATION_MODE                     ; ROM                                                           ;
;     -- WIDTH_A                            ; 8                                                             ;
;     -- NUMWORDS_A                         ; 462                                                           ;
;     -- OUTDATA_REG_A                      ; UNREGISTERED                                                  ;
;     -- WIDTH_B                            ; 1                                                             ;
;     -- NUMWORDS_B                         ; 1                                                             ;
;     -- ADDRESS_REG_B                      ; CLOCK1                                                        ;
;     -- OUTDATA_REG_B                      ; UNREGISTERED                                                  ;
;     -- RAM_BLOCK_TYPE                     ; AUTO                                                          ;
;     -- READ_DURING_WRITE_MODE_MIXED_PORTS ; DONT_CARE                                                     ;
; Entity Instance                           ; pattern_generator:u_game|RED_rom_r:rrr_r|altsyncram:mem_rtl_0 ;
;     -- OPERATION_MODE                     ; ROM                                                           ;
;     -- WIDTH_A                            ; 8                                                             ;
;     -- NUMWORDS_A                         ; 462                                                           ;
;     -- OUTDATA_REG_A                      ; UNREGISTERED                                                  ;
;     -- WIDTH_B                            ; 1                                                             ;
;     -- NUMWORDS_B                         ; 1                                                             ;
;     -- ADDRESS_REG_B                      ; CLOCK1                                                        ;
;     -- OUTDATA_REG_B                      ; UNREGISTERED                                                  ;
;     -- RAM_BLOCK_TYPE                     ; AUTO                                                          ;
;     -- READ_DURING_WRITE_MODE_MIXED_PORTS ; DONT_CARE                                                     ;
; Entity Instance                           ; pattern_generator:u_game|BLU_rom_b:prb_b|altsyncram:mem_rtl_0 ;
;     -- OPERATION_MODE                     ; ROM                                                           ;
;     -- WIDTH_A                            ; 8                                                             ;
;     -- NUMWORDS_A                         ; 462                                                           ;
;     -- OUTDATA_REG_A                      ; UNREGISTERED                                                  ;
;     -- WIDTH_B                            ; 1                                                             ;
;     -- NUMWORDS_B                         ; 1                                                             ;
;     -- ADDRESS_REG_B                      ; CLOCK1                                                        ;
;     -- OUTDATA_REG_B                      ; UNREGISTERED                                                  ;
;     -- RAM_BLOCK_TYPE                     ; AUTO                                                          ;
;     -- READ_DURING_WRITE_MODE_MIXED_PORTS ; DONT_CARE                                                     ;
; Entity Instance                           ; pattern_generator:u_game|BLU_rom_g:prg_b|altsyncram:mem_rtl_0 ;
;     -- OPERATION_MODE                     ; ROM                                                           ;
;     -- WIDTH_A                            ; 8                                                             ;
;     -- NUMWORDS_A                         ; 462                                                           ;
;     -- OUTDATA_REG_A                      ; UNREGISTERED                                                  ;
;     -- WIDTH_B                            ; 1                                                             ;
;     -- NUMWORDS_B                         ; 1                                                             ;
;     -- ADDRESS_REG_B                      ; CLOCK1                                                        ;
;     -- OUTDATA_REG_B                      ; UNREGISTERED                                                  ;
;     -- RAM_BLOCK_TYPE                     ; AUTO                                                          ;
;     -- READ_DURING_WRITE_MODE_MIXED_PORTS ; DONT_CARE                                                     ;
; Entity Instance                           ; pattern_generator:u_game|BLU_rom_r:prr_b|altsyncram:mem_rtl_0 ;
;     -- OPERATION_MODE                     ; ROM                                                           ;
;     -- WIDTH_A                            ; 8                                                             ;
;     -- NUMWORDS_A                         ; 462                                                           ;
;     -- OUTDATA_REG_A                      ; UNREGISTERED                                                  ;
;     -- WIDTH_B                            ; 1                                                             ;
;     -- NUMWORDS_B                         ; 1                                                             ;
;     -- ADDRESS_REG_B                      ; CLOCK1                                                        ;
;     -- OUTDATA_REG_B                      ; UNREGISTERED                                                  ;
;     -- RAM_BLOCK_TYPE                     ; AUTO                                                          ;
;     -- READ_DURING_WRITE_MODE_MIXED_PORTS ; DONT_CARE                                                     ;
+-------------------------------------------+---------------------------------------------------------------+


+----------------------------------------------------------------------------------------------------------------------------------------------------------------------------------------------------------------+
; Port Connectivity Checks: "pattern_generator:u_game|RED_rom_b:rrb_r"                                                                                                                                           ;
+---------+-------+----------+-----------------------------------------------------------------------------------------------------------------------------------------------------------------------------------+
; Port    ; Type  ; Severity ; Details                                                                                                                                                                           ;
+---------+-------+----------+-----------------------------------------------------------------------------------------------------------------------------------------------------------------------------------+
; address ; Input ; Warning  ; Input port expression (12 bits) is wider than the input port (9 bits) it drives.  The 3 most-significant bit(s) in the expression will be dangling if they have no other fanouts. ;
+---------+-------+----------+-----------------------------------------------------------------------------------------------------------------------------------------------------------------------------------+


+----------------------------------------------------------------------------------------------------------------------------------------------------------------------------------------------------------------+
; Port Connectivity Checks: "pattern_generator:u_game|RED_rom_g:rrg_r"                                                                                                                                           ;
+---------+-------+----------+-----------------------------------------------------------------------------------------------------------------------------------------------------------------------------------+
; Port    ; Type  ; Severity ; Details                                                                                                                                                                           ;
+---------+-------+----------+-----------------------------------------------------------------------------------------------------------------------------------------------------------------------------------+
; address ; Input ; Warning  ; Input port expression (12 bits) is wider than the input port (9 bits) it drives.  The 3 most-significant bit(s) in the expression will be dangling if they have no other fanouts. ;
+---------+-------+----------+-----------------------------------------------------------------------------------------------------------------------------------------------------------------------------------+


+----------------------------------------------------------------------------------------------------------------------------------------------------------------------------------------------------------------+
; Port Connectivity Checks: "pattern_generator:u_game|RED_rom_r:rrr_r"                                                                                                                                           ;
+---------+-------+----------+-----------------------------------------------------------------------------------------------------------------------------------------------------------------------------------+
; Port    ; Type  ; Severity ; Details                                                                                                                                                                           ;
+---------+-------+----------+-----------------------------------------------------------------------------------------------------------------------------------------------------------------------------------+
; address ; Input ; Warning  ; Input port expression (12 bits) is wider than the input port (9 bits) it drives.  The 3 most-significant bit(s) in the expression will be dangling if they have no other fanouts. ;
+---------+-------+----------+-----------------------------------------------------------------------------------------------------------------------------------------------------------------------------------+


+----------------------------------------------------------------------------------------------------------------------------------------------------------------------------------------------------------------+
; Port Connectivity Checks: "pattern_generator:u_game|BLU_rom_b:prb_b"                                                                                                                                           ;
+---------+-------+----------+-----------------------------------------------------------------------------------------------------------------------------------------------------------------------------------+
; Port    ; Type  ; Severity ; Details                                                                                                                                                                           ;
+---------+-------+----------+-----------------------------------------------------------------------------------------------------------------------------------------------------------------------------------+
; address ; Input ; Warning  ; Input port expression (12 bits) is wider than the input port (9 bits) it drives.  The 3 most-significant bit(s) in the expression will be dangling if they have no other fanouts. ;
+---------+-------+----------+-----------------------------------------------------------------------------------------------------------------------------------------------------------------------------------+


+----------------------------------------------------------------------------------------------------------------------------------------------------------------------------------------------------------------+
; Port Connectivity Checks: "pattern_generator:u_game|BLU_rom_g:prg_b"                                                                                                                                           ;
+---------+-------+----------+-----------------------------------------------------------------------------------------------------------------------------------------------------------------------------------+
; Port    ; Type  ; Severity ; Details                                                                                                                                                                           ;
+---------+-------+----------+-----------------------------------------------------------------------------------------------------------------------------------------------------------------------------------+
; address ; Input ; Warning  ; Input port expression (12 bits) is wider than the input port (9 bits) it drives.  The 3 most-significant bit(s) in the expression will be dangling if they have no other fanouts. ;
+---------+-------+----------+-----------------------------------------------------------------------------------------------------------------------------------------------------------------------------------+


+----------------------------------------------------------------------------------------------------------------------------------------------------------------------------------------------------------------+
; Port Connectivity Checks: "pattern_generator:u_game|BLU_rom_r:prr_b"                                                                                                                                           ;
+---------+-------+----------+-----------------------------------------------------------------------------------------------------------------------------------------------------------------------------------+
; Port    ; Type  ; Severity ; Details                                                                                                                                                                           ;
+---------+-------+----------+-----------------------------------------------------------------------------------------------------------------------------------------------------------------------------------+
; address ; Input ; Warning  ; Input port expression (12 bits) is wider than the input port (9 bits) it drives.  The 3 most-significant bit(s) in the expression will be dangling if they have no other fanouts. ;
+---------+-------+----------+-----------------------------------------------------------------------------------------------------------------------------------------------------------------------------------+


+---------------------------------------------------------------------------------------------------------------------+
; Port Connectivity Checks: "ps2_arrows:u_kb"                                                                         ;
+-----------+--------+----------+-------------------------------------------------------------------------------------+
; Port      ; Type   ; Severity ; Details                                                                             ;
+-----------+--------+----------+-------------------------------------------------------------------------------------+
; down_held ; Output ; Info     ; Connected to dangling logic. Logic that only feeds a dangling port will be removed. ;
+-----------+--------+----------+-------------------------------------------------------------------------------------+


+-----------------------------------------------------+
; Post-Synthesis Netlist Statistics for Top Partition ;
+-----------------------+-----------------------------+
; Type                  ; Count                       ;
+-----------------------+-----------------------------+
; arriav_ff             ; 209                         ;
;     CLR               ; 57                          ;
;     CLR SCLR          ; 10                          ;
;     ENA CLR           ; 80                          ;
;     ENA CLR SCLR      ; 50                          ;
;     plain             ; 12                          ;
; arriav_lcell_comb     ; 4002                        ;
;     arith             ; 1950                        ;
;         0 data inputs ; 121                         ;
;         1 data inputs ; 1534                        ;
;         2 data inputs ; 101                         ;
;         3 data inputs ; 76                          ;
;         4 data inputs ; 104                         ;
;         5 data inputs ; 14                          ;
;     extend            ; 15                          ;
;         7 data inputs ; 15                          ;
;     normal            ; 1997                        ;
;         0 data inputs ; 1                           ;
;         1 data inputs ; 14                          ;
;         2 data inputs ; 285                         ;
;         3 data inputs ; 202                         ;
;         4 data inputs ; 323                         ;
;         5 data inputs ; 516                         ;
;         6 data inputs ; 656                         ;
;     shared            ; 40                          ;
;         0 data inputs ; 6                           ;
;         1 data inputs ; 16                          ;
;         3 data inputs ; 18                          ;
; arriav_mac            ; 2                           ;
; boundary_port         ; 46                          ;
; generic_pll           ; 1                           ;
; stratixv_ram_block    ; 48                          ;
;                       ;                             ;
; Max LUT depth         ; 16.00                       ;
; Average LUT depth     ; 11.91                       ;
+-----------------------+-----------------------------+


+-------------------------------+
; Elapsed Time Per Partition    ;
+----------------+--------------+
; Partition Name ; Elapsed Time ;
+----------------+--------------+
; Top            ; 00:00:17     ;
+----------------+--------------+


+-------------------------------+
; Analysis & Synthesis Messages ;
+-------------------------------+
Info: *******************************************************************
Info: Running Quartus Prime Analysis & Synthesis
    Info: Version 23.1std.0 Build 991 11/28/2023 SC Lite Edition
    Info: Processing started: Fri Aug 14 10:55:41 2026
Info: Command: quartus_map --read_settings_files=on --write_settings_files=off Project_VGA_start -c Project_VGA
Warning (18236): Number of processors has not been specified which may cause overloading on shared machines.  Set the global assignment NUM_PARALLEL_PROCESSORS in your QSF to an appropriate value for best performance.
Info (20030): Parallel compilation is enabled and will use 4 of the 4 processors detected
Info (12021): Found 1 design units, including 1 entities, in source file ps2_arrows.sv
    Info (12023): Found entity 1: ps2_arrows File: D:/Downloads/Project_VGA_start_restored/ps2_arrows.sv Line: 20
Info (12021): Found 1 design units, including 1 entities, in source file pattern_generator.sv
    Info (12023): Found entity 1: pattern_generator File: D:/Downloads/Project_VGA_start_restored/pattern_generator.sv Line: 1
Info (12021): Found 1 design units, including 1 entities, in source file sprites/blue_still/blu_rom_r.v
    Info (12023): Found entity 1: BLU_rom_r File: D:/Downloads/Project_VGA_start_restored/sprites/blue_still/BLU_rom_r.v Line: 1
Info (12021): Found 1 design units, including 1 entities, in source file sprites/blue_still/blu_rom_g.v
    Info (12023): Found entity 1: BLU_rom_g File: D:/Downloads/Project_VGA_start_restored/sprites/blue_still/BLU_rom_g.v Line: 1
Info (12021): Found 1 design units, including 1 entities, in source file sprites/blue_still/blu_rom_b.v
    Info (12023): Found entity 1: BLU_rom_b File: D:/Downloads/Project_VGA_start_restored/sprites/blue_still/BLU_rom_b.v Line: 1
Info (12021): Found 1 design units, including 1 entities, in source file sprites/red_still/red_rom_r.v
    Info (12023): Found entity 1: RED_rom_r File: D:/Downloads/Project_VGA_start_restored/sprites/red_still/RED_rom_r.v Line: 1
Info (12021): Found 1 design units, including 1 entities, in source file sprites/red_still/red_rom_g.v
    Info (12023): Found entity 1: RED_rom_g File: D:/Downloads/Project_VGA_start_restored/sprites/red_still/RED_rom_g.v Line: 1
Info (12021): Found 1 design units, including 1 entities, in source file sprites/red_still/red_rom_b.v
    Info (12023): Found entity 1: RED_rom_b File: D:/Downloads/Project_VGA_start_restored/sprites/red_still/RED_rom_b.v Line: 1
Info (12021): Found 1 design units, including 1 entities, in source file tb_vga.sv
    Info (12023): Found entity 1: tb_VGA File: D:/Downloads/Project_VGA_start_restored/tb_VGA.sv Line: 2
Info (12021): Found 1 design units, including 1 entities, in source file vga_controller.sv
    Info (12023): Found entity 1: vga_controller File: D:/Downloads/Project_VGA_start_restored/vga_controller.sv Line: 1
Info (12021): Found 1 design units, including 1 entities, in source file top.sv
    Info (12023): Found entity 1: top File: D:/Downloads/Project_VGA_start_restored/top.sv Line: 11
Info (12021): Found 1 design units, including 1 entities, in source file clock_generator.v
    Info (12023): Found entity 1: clock_generator File: D:/Downloads/Project_VGA_start_restored/clock_generator.v Line: 8
Info (12021): Found 1 design units, including 1 entities, in source file clock_generator/clock_generator_0002.v
    Info (12023): Found entity 1: clock_generator_0002 File: D:/Downloads/Project_VGA_start_restored/clock_generator/clock_generator_0002.v Line: 2
Info (12127): Elaborating entity "top" for the top level hierarchy
Warning (10036): Verilog HDL or VHDL warning at top.sv(42): object "key_s3" assigned a value but never read File: D:/Downloads/Project_VGA_start_restored/top.sv Line: 42
Info (12128): Elaborating entity "clock_generator" for hierarchy "clock_generator:u_pll" File: D:/Downloads/Project_VGA_start_restored/top.sv Line: 30
Info (12128): Elaborating entity "clock_generator_0002" for hierarchy "clock_generator:u_pll|clock_generator_0002:clock_generator_inst" File: D:/Downloads/Project_VGA_start_restored/clock_generator.v Line: 19
Info (12128): Elaborating entity "altera_pll" for hierarchy "clock_generator:u_pll|clock_generator_0002:clock_generator_inst|altera_pll:altera_pll_i" File: D:/Downloads/Project_VGA_start_restored/clock_generator/clock_generator_0002.v Line: 85
Info (10008): Verilog HDL or VHDL information: EDA Netlist Writer cannot regroup multidimensional array "wire_to_nowhere_64" into its bus
Info (12130): Elaborated megafunction instantiation "clock_generator:u_pll|clock_generator_0002:clock_generator_inst|altera_pll:altera_pll_i" File: D:/Downloads/Project_VGA_start_restored/clock_generator/clock_generator_0002.v Line: 85
Info (12133): Instantiated megafunction "clock_generator:u_pll|clock_generator_0002:clock_generator_inst|altera_pll:altera_pll_i" with the following parameter: File: D:/Downloads/Project_VGA_start_restored/clock_generator/clock_generator_0002.v Line: 85
    Info (12134): Parameter "fractional_vco_multiplier" = "false"
    Info (12134): Parameter "reference_clock_frequency" = "50.0 MHz"
    Info (12134): Parameter "operation_mode" = "direct"
    Info (12134): Parameter "number_of_clocks" = "1"
    Info (12134): Parameter "output_clock_frequency0" = "25.175644 MHz"
    Info (12134): Parameter "phase_shift0" = "0 ps"
    Info (12134): Parameter "duty_cycle0" = "50"
    Info (12134): Parameter "output_clock_frequency1" = "0 MHz"
    Info (12134): Parameter "phase_shift1" = "0 ps"
    Info (12134): Parameter "duty_cycle1" = "50"
    Info (12134): Parameter "output_clock_frequency2" = "0 MHz"
    Info (12134): Parameter "phase_shift2" = "0 ps"
    Info (12134): Parameter "duty_cycle2" = "50"
    Info (12134): Parameter "output_clock_frequency3" = "0 MHz"
    Info (12134): Parameter "phase_shift3" = "0 ps"
    Info (12134): Parameter "duty_cycle3" = "50"
    Info (12134): Parameter "output_clock_frequency4" = "0 MHz"
    Info (12134): Parameter "phase_shift4" = "0 ps"
    Info (12134): Parameter "duty_cycle4" = "50"
    Info (12134): Parameter "output_clock_frequency5" = "0 MHz"
    Info (12134): Parameter "phase_shift5" = "0 ps"
    Info (12134): Parameter "duty_cycle5" = "50"
    Info (12134): Parameter "output_clock_frequency6" = "0 MHz"
    Info (12134): Parameter "phase_shift6" = "0 ps"
    Info (12134): Parameter "duty_cycle6" = "50"
    Info (12134): Parameter "output_clock_frequency7" = "0 MHz"
    Info (12134): Parameter "phase_shift7" = "0 ps"
    Info (12134): Parameter "duty_cycle7" = "50"
    Info (12134): Parameter "output_clock_frequency8" = "0 MHz"
    Info (12134): Parameter "phase_shift8" = "0 ps"
    Info (12134): Parameter "duty_cycle8" = "50"
    Info (12134): Parameter "output_clock_frequency9" = "0 MHz"
    Info (12134): Parameter "phase_shift9" = "0 ps"
    Info (12134): Parameter "duty_cycle9" = "50"
    Info (12134): Parameter "output_clock_frequency10" = "0 MHz"
    Info (12134): Parameter "phase_shift10" = "0 ps"
    Info (12134): Parameter "duty_cycle10" = "50"
    Info (12134): Parameter "output_clock_frequency11" = "0 MHz"
    Info (12134): Parameter "phase_shift11" = "0 ps"
    Info (12134): Parameter "duty_cycle11" = "50"
    Info (12134): Parameter "output_clock_frequency12" = "0 MHz"
    Info (12134): Parameter "phase_shift12" = "0 ps"
    Info (12134): Parameter "duty_cycle12" = "50"
    Info (12134): Parameter "output_clock_frequency13" = "0 MHz"
    Info (12134): Parameter "phase_shift13" = "0 ps"
    Info (12134): Parameter "duty_cycle13" = "50"
    Info (12134): Parameter "output_clock_frequency14" = "0 MHz"
    Info (12134): Parameter "phase_shift14" = "0 ps"
    Info (12134): Parameter "duty_cycle14" = "50"
    Info (12134): Parameter "output_clock_frequency15" = "0 MHz"
    Info (12134): Parameter "phase_shift15" = "0 ps"
    Info (12134): Parameter "duty_cycle15" = "50"
    Info (12134): Parameter "output_clock_frequency16" = "0 MHz"
    Info (12134): Parameter "phase_shift16" = "0 ps"
    Info (12134): Parameter "duty_cycle16" = "50"
    Info (12134): Parameter "output_clock_frequency17" = "0 MHz"
    Info (12134): Parameter "phase_shift17" = "0 ps"
    Info (12134): Parameter "duty_cycle17" = "50"
    Info (12134): Parameter "pll_type" = "General"
    Info (12134): Parameter "pll_subtype" = "General"
Info (12128): Elaborating entity "vga_controller" for hierarchy "vga_controller:u_vga" File: D:/Downloads/Project_VGA_start_restored/top.sv Line: 39
Warning (10230): Verilog HDL assignment warning at vga_controller.sv(24): truncated value with size 32 to match size of target (10) File: D:/Downloads/Project_VGA_start_restored/vga_controller.sv Line: 24
Warning (10230): Verilog HDL assignment warning at vga_controller.sv(37): truncated value with size 32 to match size of target (10) File: D:/Downloads/Project_VGA_start_restored/vga_controller.sv Line: 37
Info (12128): Elaborating entity "ps2_arrows" for hierarchy "ps2_arrows:u_kb" File: D:/Downloads/Project_VGA_start_restored/top.sv Line: 54
Info (12128): Elaborating entity "pattern_generator" for hierarchy "pattern_generator:u_game" File: D:/Downloads/Project_VGA_start_restored/top.sv Line: 73
Warning (10230): Verilog HDL assignment warning at pattern_generator.sv(89): truncated value with size 32 to match size of target (4) File: D:/Downloads/Project_VGA_start_restored/pattern_generator.sv Line: 89
Warning (10230): Verilog HDL assignment warning at pattern_generator.sv(90): truncated value with size 32 to match size of target (4) File: D:/Downloads/Project_VGA_start_restored/pattern_generator.sv Line: 90
Warning (10230): Verilog HDL assignment warning at pattern_generator.sv(92): truncated value with size 32 to match size of target (4) File: D:/Downloads/Project_VGA_start_restored/pattern_generator.sv Line: 92
Warning (10230): Verilog HDL assignment warning at pattern_generator.sv(93): truncated value with size 32 to match size of target (4) File: D:/Downloads/Project_VGA_start_restored/pattern_generator.sv Line: 93
Warning (10230): Verilog HDL assignment warning at pattern_generator.sv(446): truncated value with size 32 to match size of target (11) File: D:/Downloads/Project_VGA_start_restored/pattern_generator.sv Line: 446
Warning (10230): Verilog HDL assignment warning at pattern_generator.sv(447): truncated value with size 32 to match size of target (11) File: D:/Downloads/Project_VGA_start_restored/pattern_generator.sv Line: 447
Warning (10230): Verilog HDL assignment warning at pattern_generator.sv(454): truncated value with size 32 to match size of target (11) File: D:/Downloads/Project_VGA_start_restored/pattern_generator.sv Line: 454
Warning (10230): Verilog HDL assignment warning at pattern_generator.sv(455): truncated value with size 32 to match size of target (11) File: D:/Downloads/Project_VGA_start_restored/pattern_generator.sv Line: 455
Warning (10230): Verilog HDL assignment warning at pattern_generator.sv(552): truncated value with size 32 to match size of target (6) File: D:/Downloads/Project_VGA_start_restored/pattern_generator.sv Line: 552
Warning (10230): Verilog HDL assignment warning at pattern_generator.sv(558): truncated value with size 32 to match size of target (6) File: D:/Downloads/Project_VGA_start_restored/pattern_generator.sv Line: 558
Warning (10230): Verilog HDL assignment warning at pattern_generator.sv(566): truncated value with size 32 to match size of target (11) File: D:/Downloads/Project_VGA_start_restored/pattern_generator.sv Line: 566
Warning (10230): Verilog HDL assignment warning at pattern_generator.sv(567): truncated value with size 32 to match size of target (11) File: D:/Downloads/Project_VGA_start_restored/pattern_generator.sv Line: 567
Warning (10230): Verilog HDL assignment warning at pattern_generator.sv(575): truncated value with size 11 to match size of target (8) File: D:/Downloads/Project_VGA_start_restored/pattern_generator.sv Line: 575
Warning (10230): Verilog HDL assignment warning at pattern_generator.sv(578): truncated value with size 11 to match size of target (8) File: D:/Downloads/Project_VGA_start_restored/pattern_generator.sv Line: 578
Warning (10230): Verilog HDL assignment warning at pattern_generator.sv(586): truncated value with size 32 to match size of target (11) File: D:/Downloads/Project_VGA_start_restored/pattern_generator.sv Line: 586
Warning (10230): Verilog HDL assignment warning at pattern_generator.sv(601): truncated value with size 32 to match size of target (11) File: D:/Downloads/Project_VGA_start_restored/pattern_generator.sv Line: 601
Warning (10230): Verilog HDL assignment warning at pattern_generator.sv(607): truncated value with size 32 to match size of target (11) File: D:/Downloads/Project_VGA_start_restored/pattern_generator.sv Line: 607
Warning (10230): Verilog HDL assignment warning at pattern_generator.sv(613): truncated value with size 32 to match size of target (11) File: D:/Downloads/Project_VGA_start_restored/pattern_generator.sv Line: 613
Warning (10230): Verilog HDL assignment warning at pattern_generator.sv(619): truncated value with size 32 to match size of target (11) File: D:/Downloads/Project_VGA_start_restored/pattern_generator.sv Line: 619
Warning (10230): Verilog HDL assignment warning at pattern_generator.sv(624): truncated value with size 32 to match size of target (11) File: D:/Downloads/Project_VGA_start_restored/pattern_generator.sv Line: 624
Warning (10230): Verilog HDL assignment warning at pattern_generator.sv(627): truncated value with size 32 to match size of target (11) File: D:/Downloads/Project_VGA_start_restored/pattern_generator.sv Line: 627
Warning (10230): Verilog HDL assignment warning at pattern_generator.sv(630): truncated value with size 32 to match size of target (11) File: D:/Downloads/Project_VGA_start_restored/pattern_generator.sv Line: 630
Warning (10230): Verilog HDL assignment warning at pattern_generator.sv(633): truncated value with size 32 to match size of target (11) File: D:/Downloads/Project_VGA_start_restored/pattern_generator.sv Line: 633
Warning (10230): Verilog HDL assignment warning at pattern_generator.sv(636): truncated value with size 32 to match size of target (11) File: D:/Downloads/Project_VGA_start_restored/pattern_generator.sv Line: 636
Warning (10230): Verilog HDL assignment warning at pattern_generator.sv(639): truncated value with size 32 to match size of target (11) File: D:/Downloads/Project_VGA_start_restored/pattern_generator.sv Line: 639
Warning (10230): Verilog HDL assignment warning at pattern_generator.sv(642): truncated value with size 32 to match size of target (11) File: D:/Downloads/Project_VGA_start_restored/pattern_generator.sv Line: 642
Warning (10230): Verilog HDL assignment warning at pattern_generator.sv(645): truncated value with size 32 to match size of target (11) File: D:/Downloads/Project_VGA_start_restored/pattern_generator.sv Line: 645
Warning (10230): Verilog HDL assignment warning at pattern_generator.sv(648): truncated value with size 32 to match size of target (11) File: D:/Downloads/Project_VGA_start_restored/pattern_generator.sv Line: 648
Warning (10230): Verilog HDL assignment warning at pattern_generator.sv(651): truncated value with size 32 to match size of target (11) File: D:/Downloads/Project_VGA_start_restored/pattern_generator.sv Line: 651
Warning (10230): Verilog HDL assignment warning at pattern_generator.sv(654): truncated value with size 32 to match size of target (11) File: D:/Downloads/Project_VGA_start_restored/pattern_generator.sv Line: 654
Warning (10230): Verilog HDL assignment warning at pattern_generator.sv(657): truncated value with size 32 to match size of target (11) File: D:/Downloads/Project_VGA_start_restored/pattern_generator.sv Line: 657
Warning (10230): Verilog HDL assignment warning at pattern_generator.sv(660): truncated value with size 32 to match size of target (11) File: D:/Downloads/Project_VGA_start_restored/pattern_generator.sv Line: 660
Warning (10230): Verilog HDL assignment warning at pattern_generator.sv(672): truncated value with size 32 to match size of target (11) File: D:/Downloads/Project_VGA_start_restored/pattern_generator.sv Line: 672
Warning (10230): Verilog HDL assignment warning at pattern_generator.sv(679): truncated value with size 32 to match size of target (11) File: D:/Downloads/Project_VGA_start_restored/pattern_generator.sv Line: 679
Warning (10230): Verilog HDL assignment warning at pattern_generator.sv(680): truncated value with size 32 to match size of target (11) File: D:/Downloads/Project_VGA_start_restored/pattern_generator.sv Line: 680
Warning (10230): Verilog HDL assignment warning at pattern_generator.sv(688): truncated value with size 11 to match size of target (8) File: D:/Downloads/Project_VGA_start_restored/pattern_generator.sv Line: 688
Warning (10230): Verilog HDL assignment warning at pattern_generator.sv(691): truncated value with size 11 to match size of target (8) File: D:/Downloads/Project_VGA_start_restored/pattern_generator.sv Line: 691
Warning (10230): Verilog HDL assignment warning at pattern_generator.sv(699): truncated value with size 32 to match size of target (11) File: D:/Downloads/Project_VGA_start_restored/pattern_generator.sv Line: 699
Warning (10230): Verilog HDL assignment warning at pattern_generator.sv(713): truncated value with size 32 to match size of target (11) File: D:/Downloads/Project_VGA_start_restored/pattern_generator.sv Line: 713
Warning (10230): Verilog HDL assignment warning at pattern_generator.sv(719): truncated value with size 32 to match size of target (11) File: D:/Downloads/Project_VGA_start_restored/pattern_generator.sv Line: 719
Warning (10230): Verilog HDL assignment warning at pattern_generator.sv(725): truncated value with size 32 to match size of target (11) File: D:/Downloads/Project_VGA_start_restored/pattern_generator.sv Line: 725
Warning (10230): Verilog HDL assignment warning at pattern_generator.sv(731): truncated value with size 32 to match size of target (11) File: D:/Downloads/Project_VGA_start_restored/pattern_generator.sv Line: 731
Warning (10230): Verilog HDL assignment warning at pattern_generator.sv(736): truncated value with size 32 to match size of target (11) File: D:/Downloads/Project_VGA_start_restored/pattern_generator.sv Line: 736
Warning (10230): Verilog HDL assignment warning at pattern_generator.sv(739): truncated value with size 32 to match size of target (11) File: D:/Downloads/Project_VGA_start_restored/pattern_generator.sv Line: 739
Warning (10230): Verilog HDL assignment warning at pattern_generator.sv(742): truncated value with size 32 to match size of target (11) File: D:/Downloads/Project_VGA_start_restored/pattern_generator.sv Line: 742
Warning (10230): Verilog HDL assignment warning at pattern_generator.sv(745): truncated value with size 32 to match size of target (11) File: D:/Downloads/Project_VGA_start_restored/pattern_generator.sv Line: 745
Warning (10230): Verilog HDL assignment warning at pattern_generator.sv(748): truncated value with size 32 to match size of target (11) File: D:/Downloads/Project_VGA_start_restored/pattern_generator.sv Line: 748
Warning (10230): Verilog HDL assignment warning at pattern_generator.sv(751): truncated value with size 32 to match size of target (11) File: D:/Downloads/Project_VGA_start_restored/pattern_generator.sv Line: 751
Warning (10230): Verilog HDL assignment warning at pattern_generator.sv(754): truncated value with size 32 to match size of target (11) File: D:/Downloads/Project_VGA_start_restored/pattern_generator.sv Line: 754
Warning (10230): Verilog HDL assignment warning at pattern_generator.sv(757): truncated value with size 32 to match size of target (11) File: D:/Downloads/Project_VGA_start_restored/pattern_generator.sv Line: 757
Warning (10230): Verilog HDL assignment warning at pattern_generator.sv(760): truncated value with size 32 to match size of target (11) File: D:/Downloads/Project_VGA_start_restored/pattern_generator.sv Line: 760
Warning (10230): Verilog HDL assignment warning at pattern_generator.sv(763): truncated value with size 32 to match size of target (11) File: D:/Downloads/Project_VGA_start_restored/pattern_generator.sv Line: 763
Warning (10230): Verilog HDL assignment warning at pattern_generator.sv(766): truncated value with size 32 to match size of target (11) File: D:/Downloads/Project_VGA_start_restored/pattern_generator.sv Line: 766
Warning (10230): Verilog HDL assignment warning at pattern_generator.sv(769): truncated value with size 32 to match size of target (11) File: D:/Downloads/Project_VGA_start_restored/pattern_generator.sv Line: 769
Warning (10230): Verilog HDL assignment warning at pattern_generator.sv(772): truncated value with size 32 to match size of target (11) File: D:/Downloads/Project_VGA_start_restored/pattern_generator.sv Line: 772
Warning (10230): Verilog HDL assignment warning at pattern_generator.sv(784): truncated value with size 32 to match size of target (11) File: D:/Downloads/Project_VGA_start_restored/pattern_generator.sv Line: 784
Info (12128): Elaborating entity "BLU_rom_r" for hierarchy "pattern_generator:u_game|BLU_rom_r:prr_b" File: D:/Downloads/Project_VGA_start_restored/pattern_generator.sv Line: 364
Warning (10030): Net "mem.data_a" at BLU_rom_r.v(7) has no driver or initial value, using a default initial value '0' File: D:/Downloads/Project_VGA_start_restored/sprites/blue_still/BLU_rom_r.v Line: 7
Warning (10030): Net "mem.waddr_a" at BLU_rom_r.v(7) has no driver or initial value, using a default initial value '0' File: D:/Downloads/Project_VGA_start_restored/sprites/blue_still/BLU_rom_r.v Line: 7
Warning (10030): Net "mem.we_a" at BLU_rom_r.v(7) has no driver or initial value, using a default initial value '0' File: D:/Downloads/Project_VGA_start_restored/sprites/blue_still/BLU_rom_r.v Line: 7
Info (12128): Elaborating entity "BLU_rom_g" for hierarchy "pattern_generator:u_game|BLU_rom_g:prg_b" File: D:/Downloads/Project_VGA_start_restored/pattern_generator.sv Line: 365
Warning (10030): Net "mem.data_a" at BLU_rom_g.v(7) has no driver or initial value, using a default initial value '0' File: D:/Downloads/Project_VGA_start_restored/sprites/blue_still/BLU_rom_g.v Line: 7
Warning (10030): Net "mem.waddr_a" at BLU_rom_g.v(7) has no driver or initial value, using a default initial value '0' File: D:/Downloads/Project_VGA_start_restored/sprites/blue_still/BLU_rom_g.v Line: 7
Warning (10030): Net "mem.we_a" at BLU_rom_g.v(7) has no driver or initial value, using a default initial value '0' File: D:/Downloads/Project_VGA_start_restored/sprites/blue_still/BLU_rom_g.v Line: 7
Info (12128): Elaborating entity "BLU_rom_b" for hierarchy "pattern_generator:u_game|BLU_rom_b:prb_b" File: D:/Downloads/Project_VGA_start_restored/pattern_generator.sv Line: 366
Warning (10030): Net "mem.data_a" at BLU_rom_b.v(7) has no driver or initial value, using a default initial value '0' File: D:/Downloads/Project_VGA_start_restored/sprites/blue_still/BLU_rom_b.v Line: 7
Warning (10030): Net "mem.waddr_a" at BLU_rom_b.v(7) has no driver or initial value, using a default initial value '0' File: D:/Downloads/Project_VGA_start_restored/sprites/blue_still/BLU_rom_b.v Line: 7
Warning (10030): Net "mem.we_a" at BLU_rom_b.v(7) has no driver or initial value, using a default initial value '0' File: D:/Downloads/Project_VGA_start_restored/sprites/blue_still/BLU_rom_b.v Line: 7
Info (12128): Elaborating entity "RED_rom_r" for hierarchy "pattern_generator:u_game|RED_rom_r:rrr_r" File: D:/Downloads/Project_VGA_start_restored/pattern_generator.sv Line: 368
Warning (10030): Net "mem.data_a" at RED_rom_r.v(7) has no driver or initial value, using a default initial value '0' File: D:/Downloads/Project_VGA_start_restored/sprites/red_still/RED_rom_r.v Line: 7
Warning (10030): Net "mem.waddr_a" at RED_rom_r.v(7) has no driver or initial value, using a default initial value '0' File: D:/Downloads/Project_VGA_start_restored/sprites/red_still/RED_rom_r.v Line: 7
Warning (10030): Net "mem.we_a" at RED_rom_r.v(7) has no driver or initial value, using a default initial value '0' File: D:/Downloads/Project_VGA_start_restored/sprites/red_still/RED_rom_r.v Line: 7
Info (12128): Elaborating entity "RED_rom_g" for hierarchy "pattern_generator:u_game|RED_rom_g:rrg_r" File: D:/Downloads/Project_VGA_start_restored/pattern_generator.sv Line: 369
Warning (10030): Net "mem.data_a" at RED_rom_g.v(7) has no driver or initial value, using a default initial value '0' File: D:/Downloads/Project_VGA_start_restored/sprites/red_still/RED_rom_g.v Line: 7
Warning (10030): Net "mem.waddr_a" at RED_rom_g.v(7) has no driver or initial value, using a default initial value '0' File: D:/Downloads/Project_VGA_start_restored/sprites/red_still/RED_rom_g.v Line: 7
Warning (10030): Net "mem.we_a" at RED_rom_g.v(7) has no driver or initial value, using a default initial value '0' File: D:/Downloads/Project_VGA_start_restored/sprites/red_still/RED_rom_g.v Line: 7
Info (12128): Elaborating entity "RED_rom_b" for hierarchy "pattern_generator:u_game|RED_rom_b:rrb_r" File: D:/Downloads/Project_VGA_start_restored/pattern_generator.sv Line: 370
Warning (10030): Net "mem.data_a" at RED_rom_b.v(7) has no driver or initial value, using a default initial value '0' File: D:/Downloads/Project_VGA_start_restored/sprites/red_still/RED_rom_b.v Line: 7
Warning (10030): Net "mem.waddr_a" at RED_rom_b.v(7) has no driver or initial value, using a default initial value '0' File: D:/Downloads/Project_VGA_start_restored/sprites/red_still/RED_rom_b.v Line: 7
Warning (10030): Net "mem.we_a" at RED_rom_b.v(7) has no driver or initial value, using a default initial value '0' File: D:/Downloads/Project_VGA_start_restored/sprites/red_still/RED_rom_b.v Line: 7
Info (19000): Inferred 6 megafunctions from design logic
    Info (276029): Inferred altsyncram megafunction from the following design logic: "pattern_generator:u_game|RED_rom_b:rrb_r|mem_rtl_0" 
        Info (286033): Parameter OPERATION_MODE set to ROM
        Info (286033): Parameter WIDTH_A set to 8
        Info (286033): Parameter WIDTHAD_A set to 9
        Info (286033): Parameter NUMWORDS_A set to 462
        Info (286033): Parameter OUTDATA_REG_A set to UNREGISTERED
        Info (286033): Parameter ADDRESS_ACLR_A set to NONE
        Info (286033): Parameter OUTDATA_ACLR_A set to NONE
        Info (286033): Parameter INDATA_ACLR_A set to NONE
        Info (286033): Parameter WRCONTROL_ACLR_A set to NONE
        Info (286033): Parameter INIT_FILE set to db/Project_VGA.ram0_RED_rom_b_a4d3ae3f.hdl.mif
    Info (276029): Inferred altsyncram megafunction from the following design logic: "pattern_generator:u_game|RED_rom_g:rrg_r|mem_rtl_0" 
        Info (286033): Parameter OPERATION_MODE set to ROM
        Info (286033): Parameter WIDTH_A set to 8
        Info (286033): Parameter WIDTHAD_A set to 9
        Info (286033): Parameter NUMWORDS_A set to 462
        Info (286033): Parameter OUTDATA_REG_A set to UNREGISTERED
        Info (286033): Parameter ADDRESS_ACLR_A set to NONE
        Info (286033): Parameter OUTDATA_ACLR_A set to NONE
        Info (286033): Parameter INDATA_ACLR_A set to NONE
        Info (286033): Parameter WRCONTROL_ACLR_A set to NONE
        Info (286033): Parameter INIT_FILE set to db/Project_VGA.ram0_RED_rom_g_a4d3ae38.hdl.mif
    Info (276029): Inferred altsyncram megafunction from the following design logic: "pattern_generator:u_game|RED_rom_r:rrr_r|mem_rtl_0" 
        Info (286033): Parameter OPERATION_MODE set to ROM
        Info (286033): Parameter WIDTH_A set to 8
        Info (286033): Parameter WIDTHAD_A set to 9
        Info (286033): Parameter NUMWORDS_A set to 462
        Info (286033): Parameter OUTDATA_REG_A set to UNREGISTERED
        Info (286033): Parameter ADDRESS_ACLR_A set to NONE
        Info (286033): Parameter OUTDATA_ACLR_A set to NONE
        Info (286033): Parameter INDATA_ACLR_A set to NONE
        Info (286033): Parameter WRCONTROL_ACLR_A set to NONE
        Info (286033): Parameter INIT_FILE set to db/Project_VGA.ram0_RED_rom_r_a4d3ae2f.hdl.mif
    Info (276029): Inferred altsyncram megafunction from the following design logic: "pattern_generator:u_game|BLU_rom_b:prb_b|mem_rtl_0" 
        Info (286033): Parameter OPERATION_MODE set to ROM
        Info (286033): Parameter WIDTH_A set to 8
        Info (286033): Parameter WIDTHAD_A set to 9
        Info (286033): Parameter NUMWORDS_A set to 462
        Info (286033): Parameter OUTDATA_REG_A set to UNREGISTERED
        Info (286033): Parameter ADDRESS_ACLR_A set to NONE
        Info (286033): Parameter OUTDATA_ACLR_A set to NONE
        Info (286033): Parameter INDATA_ACLR_A set to NONE
        Info (286033): Parameter WRCONTROL_ACLR_A set to NONE
        Info (286033): Parameter INIT_FILE set to db/Project_VGA.ram0_BLU_rom_b_b820583b.hdl.mif
    Info (276029): Inferred altsyncram megafunction from the following design logic: "pattern_generator:u_game|BLU_rom_g:prg_b|mem_rtl_0" 
        Info (286033): Parameter OPERATION_MODE set to ROM
        Info (286033): Parameter WIDTH_A set to 8
        Info (286033): Parameter WIDTHAD_A set to 9
        Info (286033): Parameter NUMWORDS_A set to 462
        Info (286033): Parameter OUTDATA_REG_A set to UNREGISTERED
        Info (286033): Parameter ADDRESS_ACLR_A set to NONE
        Info (286033): Parameter OUTDATA_ACLR_A set to NONE
        Info (286033): Parameter INDATA_ACLR_A set to NONE
        Info (286033): Parameter WRCONTROL_ACLR_A set to NONE
        Info (286033): Parameter INIT_FILE set to db/Project_VGA.ram0_BLU_rom_g_b8205834.hdl.mif
    Info (276029): Inferred altsyncram megafunction from the following design logic: "pattern_generator:u_game|BLU_rom_r:prr_b|mem_rtl_0" 
        Info (286033): Parameter OPERATION_MODE set to ROM
        Info (286033): Parameter WIDTH_A set to 8
        Info (286033): Parameter WIDTHAD_A set to 9
        Info (286033): Parameter NUMWORDS_A set to 462
        Info (286033): Parameter OUTDATA_REG_A set to UNREGISTERED
        Info (286033): Parameter ADDRESS_ACLR_A set to NONE
        Info (286033): Parameter OUTDATA_ACLR_A set to NONE
        Info (286033): Parameter INDATA_ACLR_A set to NONE
        Info (286033): Parameter WRCONTROL_ACLR_A set to NONE
        Info (286033): Parameter INIT_FILE set to db/Project_VGA.ram0_BLU_rom_r_b82058cb.hdl.mif
Info (278001): Inferred 4 megafunctions from design logic
    Info (278004): Inferred divider/modulo megafunction ("lpm_divide") from the following logic: "pattern_generator:u_game|Div0" File: D:/Downloads/Project_VGA_start_restored/pattern_generator.sv Line: 89
    Info (278004): Inferred divider/modulo megafunction ("lpm_divide") from the following logic: "pattern_generator:u_game|Mod0" File: D:/Downloads/Project_VGA_start_restored/pattern_generator.sv Line: 90
    Info (278004): Inferred divider/modulo megafunction ("lpm_divide") from the following logic: "pattern_generator:u_game|Div1" File: D:/Downloads/Project_VGA_start_restored/pattern_generator.sv Line: 92
    Info (278004): Inferred divider/modulo megafunction ("lpm_divide") from the following logic: "pattern_generator:u_game|Mod1" File: D:/Downloads/Project_VGA_start_restored/pattern_generator.sv Line: 93
Info (12130): Elaborated megafunction instantiation "pattern_generator:u_game|RED_rom_b:rrb_r|altsyncram:mem_rtl_0"
Info (12133): Instantiated megafunction "pattern_generator:u_game|RED_rom_b:rrb_r|altsyncram:mem_rtl_0" with the following parameter:
    Info (12134): Parameter "OPERATION_MODE" = "ROM"
    Info (12134): Parameter "WIDTH_A" = "8"
    Info (12134): Parameter "WIDTHAD_A" = "9"
    Info (12134): Parameter "NUMWORDS_A" = "462"
    Info (12134): Parameter "OUTDATA_REG_A" = "UNREGISTERED"
    Info (12134): Parameter "ADDRESS_ACLR_A" = "NONE"
    Info (12134): Parameter "OUTDATA_ACLR_A" = "NONE"
    Info (12134): Parameter "INDATA_ACLR_A" = "NONE"
    Info (12134): Parameter "WRCONTROL_ACLR_A" = "NONE"
    Info (12134): Parameter "INIT_FILE" = "db/Project_VGA.ram0_RED_rom_b_a4d3ae3f.hdl.mif"
Info (12021): Found 1 design units, including 1 entities, in source file db/altsyncram_uqd1.tdf
    Info (12023): Found entity 1: altsyncram_uqd1 File: D:/Downloads/Project_VGA_start_restored/db/altsyncram_uqd1.tdf Line: 28
Info (12130): Elaborated megafunction instantiation "pattern_generator:u_game|RED_rom_g:rrg_r|altsyncram:mem_rtl_0"
Info (12133): Instantiated megafunction "pattern_generator:u_game|RED_rom_g:rrg_r|altsyncram:mem_rtl_0" with the following parameter:
    Info (12134): Parameter "OPERATION_MODE" = "ROM"
    Info (12134): Parameter "WIDTH_A" = "8"
    Info (12134): Parameter "WIDTHAD_A" = "9"
    Info (12134): Parameter "NUMWORDS_A" = "462"
    Info (12134): Parameter "OUTDATA_REG_A" = "UNREGISTERED"
    Info (12134): Parameter "ADDRESS_ACLR_A" = "NONE"
    Info (12134): Parameter "OUTDATA_ACLR_A" = "NONE"
    Info (12134): Parameter "INDATA_ACLR_A" = "NONE"
    Info (12134): Parameter "WRCONTROL_ACLR_A" = "NONE"
    Info (12134): Parameter "INIT_FILE" = "db/Project_VGA.ram0_RED_rom_g_a4d3ae38.hdl.mif"
Info (12021): Found 1 design units, including 1 entities, in source file db/altsyncram_lpd1.tdf
    Info (12023): Found entity 1: altsyncram_lpd1 File: D:/Downloads/Project_VGA_start_restored/db/altsyncram_lpd1.tdf Line: 28
Info (12130): Elaborated megafunction instantiation "pattern_generator:u_game|RED_rom_r:rrr_r|altsyncram:mem_rtl_0"
Info (12133): Instantiated megafunction "pattern_generator:u_game|RED_rom_r:rrr_r|altsyncram:mem_rtl_0" with the following parameter:
    Info (12134): Parameter "OPERATION_MODE" = "ROM"
    Info (12134): Parameter "WIDTH_A" = "8"
    Info (12134): Parameter "WIDTHAD_A" = "9"
    Info (12134): Parameter "NUMWORDS_A" = "462"
    Info (12134): Parameter "OUTDATA_REG_A" = "UNREGISTERED"
    Info (12134): Parameter "ADDRESS_ACLR_A" = "NONE"
    Info (12134): Parameter "OUTDATA_ACLR_A" = "NONE"
    Info (12134): Parameter "INDATA_ACLR_A" = "NONE"
    Info (12134): Parameter "WRCONTROL_ACLR_A" = "NONE"
    Info (12134): Parameter "INIT_FILE" = "db/Project_VGA.ram0_RED_rom_r_a4d3ae2f.hdl.mif"
Info (12021): Found 1 design units, including 1 entities, in source file db/altsyncram_drd1.tdf
    Info (12023): Found entity 1: altsyncram_drd1 File: D:/Downloads/Project_VGA_start_restored/db/altsyncram_drd1.tdf Line: 28
Info (12130): Elaborated megafunction instantiation "pattern_generator:u_game|BLU_rom_b:prb_b|altsyncram:mem_rtl_0"
Info (12133): Instantiated megafunction "pattern_generator:u_game|BLU_rom_b:prb_b|altsyncram:mem_rtl_0" with the following parameter:
    Info (12134): Parameter "OPERATION_MODE" = "ROM"
    Info (12134): Parameter "WIDTH_A" = "8"
    Info (12134): Parameter "WIDTHAD_A" = "9"
    Info (12134): Parameter "NUMWORDS_A" = "462"
    Info (12134): Parameter "OUTDATA_REG_A" = "UNREGISTERED"
    Info (12134): Parameter "ADDRESS_ACLR_A" = "NONE"
    Info (12134): Parameter "OUTDATA_ACLR_A" = "NONE"
    Info (12134): Parameter "INDATA_ACLR_A" = "NONE"
    Info (12134): Parameter "WRCONTROL_ACLR_A" = "NONE"
    Info (12134): Parameter "INIT_FILE" = "db/Project_VGA.ram0_BLU_rom_b_b820583b.hdl.mif"
Info (12021): Found 1 design units, including 1 entities, in source file db/altsyncram_pmd1.tdf
    Info (12023): Found entity 1: altsyncram_pmd1 File: D:/Downloads/Project_VGA_start_restored/db/altsyncram_pmd1.tdf Line: 28
Info (12130): Elaborated megafunction instantiation "pattern_generator:u_game|BLU_rom_g:prg_b|altsyncram:mem_rtl_0"
Info (12133): Instantiated megafunction "pattern_generator:u_game|BLU_rom_g:prg_b|altsyncram:mem_rtl_0" with the following parameter:
    Info (12134): Parameter "OPERATION_MODE" = "ROM"
    Info (12134): Parameter "WIDTH_A" = "8"
    Info (12134): Parameter "WIDTHAD_A" = "9"
    Info (12134): Parameter "NUMWORDS_A" = "462"
    Info (12134): Parameter "OUTDATA_REG_A" = "UNREGISTERED"
    Info (12134): Parameter "ADDRESS_ACLR_A" = "NONE"
    Info (12134): Parameter "OUTDATA_ACLR_A" = "NONE"
    Info (12134): Parameter "INDATA_ACLR_A" = "NONE"
    Info (12134): Parameter "WRCONTROL_ACLR_A" = "NONE"
    Info (12134): Parameter "INIT_FILE" = "db/Project_VGA.ram0_BLU_rom_g_b8205834.hdl.mif"
Info (12021): Found 1 design units, including 1 entities, in source file db/altsyncram_gld1.tdf
    Info (12023): Found entity 1: altsyncram_gld1 File: D:/Downloads/Project_VGA_start_restored/db/altsyncram_gld1.tdf Line: 28
Info (12130): Elaborated megafunction instantiation "pattern_generator:u_game|BLU_rom_r:prr_b|altsyncram:mem_rtl_0"
Info (12133): Instantiated megafunction "pattern_generator:u_game|BLU_rom_r:prr_b|altsyncram:mem_rtl_0" with the following parameter:
    Info (12134): Parameter "OPERATION_MODE" = "ROM"
    Info (12134): Parameter "WIDTH_A" = "8"
    Info (12134): Parameter "WIDTHAD_A" = "9"
    Info (12134): Parameter "NUMWORDS_A" = "462"
    Info (12134): Parameter "OUTDATA_REG_A" = "UNREGISTERED"
    Info (12134): Parameter "ADDRESS_ACLR_A" = "NONE"
    Info (12134): Parameter "OUTDATA_ACLR_A" = "NONE"
    Info (12134): Parameter "INDATA_ACLR_A" = "NONE"
    Info (12134): Parameter "WRCONTROL_ACLR_A" = "NONE"
    Info (12134): Parameter "INIT_FILE" = "db/Project_VGA.ram0_BLU_rom_r_b82058cb.hdl.mif"
Info (12021): Found 1 design units, including 1 entities, in source file db/altsyncram_pod1.tdf
    Info (12023): Found entity 1: altsyncram_pod1 File: D:/Downloads/Project_VGA_start_restored/db/altsyncram_pod1.tdf Line: 28
Info (12130): Elaborated megafunction instantiation "pattern_generator:u_game|lpm_divide:Div0" File: D:/Downloads/Project_VGA_start_restored/pattern_generator.sv Line: 89
Info (12133): Instantiated megafunction "pattern_generator:u_game|lpm_divide:Div0" with the following parameter: File: D:/Downloads/Project_VGA_start_restored/pattern_generator.sv Line: 89
    Info (12134): Parameter "LPM_WIDTHN" = "8"
    Info (12134): Parameter "LPM_WIDTHD" = "4"
    Info (12134): Parameter "LPM_NREPRESENTATION" = "UNSIGNED"
    Info (12134): Parameter "LPM_DREPRESENTATION" = "UNSIGNED"
Info (12021): Found 1 design units, including 1 entities, in source file db/lpm_divide_5am.tdf
    Info (12023): Found entity 1: lpm_divide_5am File: D:/Downloads/Project_VGA_start_restored/db/lpm_divide_5am.tdf Line: 25
Info (12021): Found 1 design units, including 1 entities, in source file db/sign_div_unsign_bkh.tdf
    Info (12023): Found entity 1: sign_div_unsign_bkh File: D:/Downloads/Project_VGA_start_restored/db/sign_div_unsign_bkh.tdf Line: 25
Info (12021): Found 1 design units, including 1 entities, in source file db/alt_u_div_sse.tdf
    Info (12023): Found entity 1: alt_u_div_sse File: D:/Downloads/Project_VGA_start_restored/db/alt_u_div_sse.tdf Line: 23
Info (12130): Elaborated megafunction instantiation "pattern_generator:u_game|lpm_divide:Mod0" File: D:/Downloads/Project_VGA_start_restored/pattern_generator.sv Line: 90
Info (12133): Instantiated megafunction "pattern_generator:u_game|lpm_divide:Mod0" with the following parameter: File: D:/Downloads/Project_VGA_start_restored/pattern_generator.sv Line: 90
    Info (12134): Parameter "LPM_WIDTHN" = "8"
    Info (12134): Parameter "LPM_WIDTHD" = "4"
    Info (12134): Parameter "LPM_NREPRESENTATION" = "UNSIGNED"
    Info (12134): Parameter "LPM_DREPRESENTATION" = "UNSIGNED"
Info (12021): Found 1 design units, including 1 entities, in source file db/lpm_divide_82m.tdf
    Info (12023): Found entity 1: lpm_divide_82m File: D:/Downloads/Project_VGA_start_restored/db/lpm_divide_82m.tdf Line: 25
Warning (12241): 6 hierarchies have connectivity warnings - see the Connectivity Checks report folder
Warning (13024): Output pins are stuck at VCC or GND
    Warning (13410): Pin "VGA_SYNC_N" is stuck at GND File: D:/Downloads/Project_VGA_start_restored/top.sv Line: 21
Info (286030): Timing-Driven Synthesis is running
Info (144001): Generated suppressed messages file D:/Downloads/Project_VGA_start_restored/output_files/Project_VGA.map.smsg
Info (16010): Generating hard_block partition "hard_block:auto_generated_inst"
    Info (16011): Adding 7 node(s), including 0 DDIO, 1 PLL, 0 transceiver and 0 LCELL
Warning (21074): Design contains 10 input pin(s) that do not drive logic
    Warning (15610): No output dependent on input pin "KEY[0]" File: D:/Downloads/Project_VGA_start_restored/top.sv Line: 13
    Warning (15610): No output dependent on input pin "SW[0]" File: D:/Downloads/Project_VGA_start_restored/top.sv Line: 14
    Warning (15610): No output dependent on input pin "SW[1]" File: D:/Downloads/Project_VGA_start_restored/top.sv Line: 14
    Warning (15610): No output dependent on input pin "SW[2]" File: D:/Downloads/Project_VGA_start_restored/top.sv Line: 14
    Warning (15610): No output dependent on input pin "SW[3]" File: D:/Downloads/Project_VGA_start_restored/top.sv Line: 14
    Warning (15610): No output dependent on input pin "SW[4]" File: D:/Downloads/Project_VGA_start_restored/top.sv Line: 14
    Warning (15610): No output dependent on input pin "SW[5]" File: D:/Downloads/Project_VGA_start_restored/top.sv Line: 14
    Warning (15610): No output dependent on input pin "SW[6]" File: D:/Downloads/Project_VGA_start_restored/top.sv Line: 14
    Warning (15610): No output dependent on input pin "SW[7]" File: D:/Downloads/Project_VGA_start_restored/top.sv Line: 14
    Warning (15610): No output dependent on input pin "SW[8]" File: D:/Downloads/Project_VGA_start_restored/top.sv Line: 14
Info (21057): Implemented 4161 device resources after synthesis - the final resource count might be different
    Info (21058): Implemented 17 input pins
    Info (21059): Implemented 29 output pins
    Info (21061): Implemented 4064 logic cells
    Info (21064): Implemented 48 RAM segments
    Info (21065): Implemented 1 PLLs
    Info (21062): Implemented 2 DSP elements
Info: Quartus Prime Analysis & Synthesis was successful. 0 errors, 92 warnings
    Info: Peak virtual memory: 4895 megabytes
    Info: Processing ended: Fri Aug 14 10:56:11 2026
    Info: Elapsed time: 00:00:30
    Info: Total CPU time (on all processors): 00:00:37


+------------------------------------------+
; Analysis & Synthesis Suppressed Messages ;
+------------------------------------------+
The suppressed messages can be found in D:/Downloads/Project_VGA_start_restored/output_files/Project_VGA.map.smsg.


